{"stats":{"minecraft:mined":{"minecraft:dark_oak_leaves":1},"minecraft:used":{"minecraft:dark_oak_sapling":1},"minecraft:picked_up":{"minecraft:dark_oak_sapling":1},"minecraft:custom":{"minecraft:sprint_one_cm":7958,"minecraft:time_since_rest":2113,"minecraft:fall_one_cm":2095,"minecraft:walk_one_cm":675,"minecraft:total_world_time":2491,"minecraft:leave_game":1,"minecraft:fly_one_cm":10318,"minecraft:damage_taken":10,"minecraft:play_time":2113,"minecraft:jump":42,"minecraft:time_since_death":2113}},"DataVersion":4435}