{
  "blacklist": "",
  "emojis": {
    "\uE000": ["blahaj", "shark", "plush_shark"],
    "\uE001": ["blahaj2", "shark2", "plush_shark2"],
    "\uE002": ["shrimp"],
    "\uE003": ["crab"],
    "\uE004": ["lobster"],
    "\uE005": ["lobster2", "lobster_blue"],
    "\uE006": ["octopus"],
    "\uE007": ["squid"],

    "\uE008": ["whale"],
    "\uE009": ["turtle"],
    "\uE00A": ["axolotl"],
    "\uE00B": ["blowfish", "pufferfish", "guh"],
    "\uE00C": ["tropical_fish"],
    "\uE00D": ["fish"],
    "\uE00E": ["jelly", "jellyfish"],
    "\uE00F": ["seahorse"],

    "\uE010": ["moth"],
    "\uE011": ["butterfly"],
    "\uE012": ["bee"],
    "\uE013": ["snail"],
    "\uE014": ["snake", "snek"],
    "\uE015": ["bat"],
    "\uE016": ["bug"],
    "\uE017": ["dove","dove_of_peace"],

    "\uE018": ["cat"],
    "\uE019": ["cat_black"],
    "\uE01A": ["cat_plush"],
    "\uE01B": ["wolf"],
    "\uE01C": ["fox", "foh"],
    "\uE01D": ["goat"],
    "\uE01E": ["pukeko"],
    "\uE01F": ["worm"],

    "\uE020": ["mouse", "rat", "lab_rat"],
    "\uE021": ["pig"],
    "\uE022": ["cow"],
    "\uE023": ["egg_hatch", "baby_chicken_hatch"],
    "\uE024": ["chick", "baby_chicken"],
    "\uE025": ["sheep"],
    "\uE026": ["rabbit", "bunny"],
    "\uE027": ["skunk"],

    "\uE028": ["dragon"],
    "\uE029": ["penguin", "linux", "tux"],
    "\uE02A": ["giraffe_head", "giraffe1", "giraffe"],
    "\uE02B": ["slime", "blob", "boinger"],
    "\uE02C": ["seal"],
    "\uE02D": ["happy_frog", "smiling_frog"],
    "\uE02E": ["frog"],
    "\uE02F": ["horse"],

    "\uE030": ["raccoon"],
    "\uE031": ["red_panda", "wah"]
  }
}
