{
  "blacklist": "",
  "emojis": {
    "\uE000": ["pensive", "exhausted"],
    "\uE001": ["expressionless"],
    "\uE002": ["diagonal_mouth"],
    "\uE003": ["depressed", "disappointed"],
    "\uE004": ["persevere"],
    "\uE005": ["dead", "xP"],
    "\uE006": ["stressed"],
    "\uE007": ["neutral_face"],

    "\uE008": ["tiny_eyes"],
    "\uE009": ["no_mouth"],
    "\uE00A": ["frown", "sad"],
    "\uE00B": ["plead"],
    "\uE00C": ["holding_back_tears"],
    "\uE00D": ["sob"],
    "\uE00E": ["cool_crying", "crying_sunglasses"],
    "\uE00F": ["cry"],

    "\uE010": ["injured"],
    "\uE011": ["masked"],
    "\uE012": ["sick", "ill", "fever"],
    "\uE013": ["confounded"],
    "\uE014": ["green_face", "nausea"],
    "\uE015": ["vomit", "barf"],
    "\uE016": ["weep"],
    "\uE017": ["waa"]
  }
}
