{
  "blacklist": "",
  "emojis": {
    "\uE000": ["flag_ad","andorra","flag_andorra"],
    "\uE001": ["flag_ae","united_arab_emirates","flag_united_arab_emirates"],
    "\uE002": ["flag_af","afghanistan","flag_afghanistan"],
    "\uE003": ["flag_ag","antigua_and_barbuda","flag_antigua_and_barbuda"],
    "\uE004": ["flag_ai","anguilla","flag_anguilla"],
    "\uE005": ["flag_al","albania","flag_albania"],
    "\uE006": ["flag_am","armenia","flag_armenia"],
    "\uE007": ["flag_ao","angola","flag_angola"],

    "\uE008": ["flag_aq","antarctica","flag_antarctica"],
    "\uE009": ["flag_ar","argentina","flag_argentina"],
    "\uE00A": ["flag_as","american_samoa","flag_american_samoa"],
    "\uE00B": ["flag_at","austria","flag_austria"],
    "\uE00C": ["flag_au","australia","flag_australia"],
    "\uE00D": ["flag_aw","aruba","flag_aruba"],
    "\uE00E": ["flag_ax","åland_islands","flag_åland_islands"],
    "\uE00F": ["flag_az","azerbaijan","flag_azerbaijan"],

    "\uE010": ["flag_ba","bosnia_and_herzegovina","flag_bosnia_and_herzegovina"],
    "\uE011": ["flag_bb","barbados","flag_barbados"],
    "\uE012": ["flag_bd","bangladesh","flag_bangladesh"],
    "\uE013": ["flag_be","belgium","flag_belgium"],
    "\uE014": ["flag_bf","burkina_faso","flag_burkina_faso"],
    "\uE015": ["flag_bg","bulgaria","flag_bulgaria"],
    "\uE016": ["flag_bh","bahrain","flag_bahrain"],
    "\uE017": ["flag_bi","burundi","flag_burundi"],

    "\uE018": ["flag_bj","benin","flag_benin"],
    "\uE019": ["flag_bl","saint_barthélemy","flag_saint_barthélemy"],
    "\uE01A": ["flag_bm","bermuda","flag_bermuda"],
    "\uE01B": ["flag_bn","brunei_darussalam","flag_brunei_darussalam"],
    "\uE01C": ["flag_bo","bolivia","flag_bolivia"],
    "\uE01D": ["flag_bq","bonaire,_sint_eustatius_and_saba","flag_bonaire,_sint_eustatius_and_saba"],
    "\uE01E": ["flag_br","brazil","flag_brazil"],
    "\uE01F": ["flag_bs","bahamas","flag_bahamas"],

    "\uE020": ["flag_bt","bhutan","flag_bhutan"],
    "\uE021": ["flag_bv","bouvet_island","flag_bouvet_island"],
    "\uE022": ["flag_bw","botswana","flag_botswana"],
    "\uE023": ["flag_by","belarus","flag_belarus"],
    "\uE024": ["flag_bz","belize","flag_belize"],
    "\uE025": ["flag_ca","canada","flag_canada"],
    "\uE026": ["flag_cc","cocos_(keeling)_islands","flag_cocos_(keeling)_islands"],
    "\uE027": ["flag_cd","drc","flag_drc"],

    "\uE028": ["flag_cf","central_african_republic","flag_central_african_republic"],
    "\uE029": ["flag_cg","congo","flag_congo"],
    "\uE02A": ["flag_ch","switzerland","flag_switzerland"],
    "\uE02B": ["flag_ci","côte_d'ivoire","flag_côte_d'ivoire"],
    "\uE02C": ["flag_ck","cook_islands","flag_cook_islands"],
    "\uE02D": ["flag_cl","chile","flag_chile"],
    "\uE02E": ["flag_cm","cameroon","flag_cameroon"],
    "\uE02F": ["flag_cn","china","flag_china"],

    "\uE030": ["flag_co","colombia","flag_colombia"],
    "\uE031": ["flag_cr","costa_rica","flag_costa_rica"],
    "\uE032": ["flag_cu","cuba","flag_cuba"],
    "\uE033": ["flag_cv","cape_verde","flag_cape_verde"],
    "\uE034": ["flag_cw","curaçao","flag_curaçao"],
    "\uE035": ["flag_cx","christmas_island","flag_christmas_island"],
    "\uE036": ["flag_cy","cyprus","flag_cyprus"],
    "\uE037": ["flag_cz","czech_republic","flag_czech_republic"],

    "\uE038": ["flag_de","germany","flag_germany"],
    "\uE039": ["flag_dj","djibouti","flag_djibouti"],
    "\uE03A": ["flag_dk","denmark","flag_denmark"],
    "\uE03B": ["flag_dm","dominica","flag_dominica"],
    "\uE03C": ["flag_do","dominican_republic","flag_dominican_republic"],
    "\uE03D": ["flag_dz","algeria","flag_algeria"],
    "\u0000": [],
    "\u0000": []
  }
}