{
  "blacklist": "",
  "emojis": {
    "\uE000": ["flag_ec","ecuador","flag_ecuador"],
    "\uE001": ["flag_ee","estonia","flag_estonia"],
    "\uE002": ["flag_eg","egypt","flag_egypt"],
    "\uE003": ["flag_eh","western_sahara","flag_western_sahara"],
    "\uE004": ["flag_er","eritrea","flag_eritrea"],
    "\uE005": ["flag_es","spain","flag_spain"],
    "\uE006": ["flag_et","ethiopia","flag_ethiopia"],
    "\uE007": ["flag_fi","finland","flag_finland"],

    "\uE008": ["flag_fj","fiji","flag_fiji"],
    "\uE009": ["flag_fk","falkland_islands_(malvinas)","flag_falkland_islands_(malvinas)"],
    "\uE00A": ["flag_fm","micronesia","flag_micronesia"],
    "\uE00B": ["flag_fo","faroe_islands","flag_faroe_islands"],
    "\uE00C": ["flag_fr","france","flag_france"],
    "\uE00D": ["flag_ga","gabon","flag_gabon"],
    "\uE00E": ["flag_gb","united_kingdom","flag_united_kingdom"],
    "\uE00F": ["flag_gd","grenada","flag_grenada"],

    "\uE010": ["flag_ge","georgia","flag_georgia"],
    "\uE011": ["flag_gf","french_guiana","flag_french_guiana"],
    "\uE012": ["flag_gg","guernsey","flag_guernsey"],
    "\uE013": ["flag_gh","ghana","flag_ghana"],
    "\uE014": ["flag_gi","gibraltar","flag_gibraltar"],
    "\uE015": ["flag_gl","greenland","flag_greenland"],
    "\uE016": ["flag_gm","gambia","flag_gambia"],
    "\uE017": ["flag_gn","guinea","flag_guinea"],

    "\uE018": ["flag_gp","guadeloupe","flag_guadeloupe"],
    "\uE019": ["flag_gq","equatorial_guinea","flag_equatorial_guinea"],
    "\uE01A": ["flag_gr","greece","flag_greece"],
    "\uE01B": ["flag_gs","south_georgia","flag_south_georgia"],
    "\uE01C": ["flag_gt","guatemala","flag_guatemala"],
    "\uE01D": ["flag_gu","guam","flag_guam"],
    "\uE01E": ["flag_gw","guinea-bissau","flag_guinea-bissau"],
    "\uE01F": ["flag_gy","guyana","flag_guyana"],

    "\uE020": ["flag_hk","hong_kong","flag_hong_kong"],
    "\uE021": ["flag_hm","heard_island_and_mcdonald_islands","flag_heard_island_and_mcdonald_islands"],
    "\uE022": ["flag_hn","honduras","flag_honduras"],
    "\uE023": ["flag_hr","croatia","flag_croatia"],
    "\uE024": ["flag_ht","haiti","flag_haiti"],
    "\uE025": ["flag_hu","hungary","flag_hungary"],
    "\uE026": ["flag_id","indonesia","flag_indonesia"],
    "\uE027": ["flag_ie","ireland","flag_ireland"],

    "\uE028": ["flag_il","israel","flag_israel"],
    "\uE029": ["flag_im","isle_of_man","flag_isle_of_man"],
    "\uE02A": ["flag_in","india","flag_india"],
    "\uE02B": ["flag_io","british_indian_ocean_territory","flag_british_indian_ocean_territory"],
    "\uE02C": ["flag_iq","iraq","flag_iraq"],
    "\uE02D": ["flag_ir","iran","flag_iran"],
    "\uE02E": ["flag_is","iceland","flag_iceland"],
    "\uE02F": ["flag_it","italy","flag_italy"],

    "\uE030": ["flag_je","jersey","flag_jersey"],
    "\uE031": ["flag_jm","jamaica","flag_jamaica"],
    "\uE032": ["flag_jo","jordan","flag_jordan"],
    "\uE033": ["flag_jp","japan","flag_japan"],
    "\uE034": ["flag_ke","kenya","flag_kenya"],
    "\uE035": ["flag_kg","kyrgyzstan","flag_kyrgyzstan"],
    "\uE036": ["flag_kh","cambodia","flag_cambodia"],
    "\uE037": ["flag_ki","kiribati","flag_kiribati"],

    "\uE038": ["flag_km","comoros","flag_comoros"],
    "\uE039": ["flag_kn","saint_kitts_and_nevis","flag_saint_kitts_and_nevis"],
    "\uE03A": ["flag_kp","north_korea","flag_north_korea"],
    "\uE03B": ["flag_kr","south_korea","flag_south_korea"],
    "\uE03C": ["flag_kw","kuwait","flag_kuwait"],
    "\uE03D": ["flag_ky","cayman_islands","flag_cayman_islands"],
    "\uE03E": ["flag_kz","kazakhstan","flag_kazakhstan"],
    "\u0000": [],
    "\u0000": []
  }
}