{
  "blacklist": "",
  "emojis": {
    "\uE000": ["flag_la","lao_people's_democratic_republic","flag_lao_people's_democratic_republic"],
    "\uE001": ["flag_lb","lebanon","flag_lebanon"],
    "\uE002": ["flag_lc","saint_lucia","flag_saint_lucia"],
    "\uE003": ["flag_li","liechtenstein","flag_liechtenstein"],
    "\uE004": ["flag_lk","sri_lanka","flag_sri_lanka"],
    "\uE005": ["flag_lr","liberia","flag_liberia"],
    "\uE006": ["flag_ls","lesotho","flag_lesotho"],
    "\uE007": ["flag_lt","lithuania","flag_lithuania"],

    "\uE008": ["flag_lu","luxembourg","flag_luxembourg"],
    "\uE009": ["flag_lv","latvia","flag_latvia"],
    "\uE00A": ["flag_ly","libya","flag_libya"],
    "\uE00B": ["flag_ma","morocco","flag_morocco"],
    "\uE00C": ["flag_mc","monaco","flag_monaco"],
    "\uE00D": ["flag_md","moldova","flag_moldova"],
    "\uE00E": ["flag_me","montenegro","flag_montenegro"],
    "\uE00F": ["flag_mf","saint_martin_(french_part)","flag_saint_martin_(french_part)"],

    "\uE010": ["flag_mg","madagascar","flag_madagascar"],
    "\uE011": ["flag_mh","marshall_islands","flag_marshall_islands"],
    "\uE012": ["flag_mk","macedonia","flag_macedonia"],
    "\uE013": ["flag_ml","mali","flag_mali"],
    "\uE014": ["flag_mm","myanmar","flag_myanmar"],
    "\uE015": ["flag_mn","mongolia","flag_mongolia"],
    "\uE016": ["flag_mo","macao","flag_macao"],
    "\uE017": ["flag_mp","northern_mariana_islands","flag_northern_mariana_islands"],

    "\uE018": ["flag_mq","martinique","flag_martinique"],
    "\uE019": ["flag_mr","mauritania","flag_mauritania"],
    "\uE01A": ["flag_ms","montserrat","flag_montserrat"],
    "\uE01B": ["flag_mt","malta","flag_malta"],
    "\uE01C": ["flag_mu","mauritius","flag_mauritius"],
    "\uE01D": ["flag_mv","maldives","flag_maldives"],
    "\uE01E": ["flag_mw","malawi","flag_malawi"],
    "\uE01F": ["flag_mx","mexico","flag_mexico"],

    "\uE020": ["flag_my","malaysia","flag_malaysia"],
    "\uE021": ["flag_mz","mozambique","flag_mozambique"],
    "\uE022": ["flag_na","namibia","flag_namibia"],
    "\uE023": ["flag_nc","new_caledonia","flag_new_caledonia"],
    "\uE024": ["flag_ne","niger","flag_niger"],
    "\uE025": ["flag_nf","norfolk_island","flag_norfolk_island"],
    "\uE026": ["flag_ng","nigeria","flag_nigeria"],
    "\uE027": ["flag_ni","nicaragua","flag_nicaragua"],

    "\uE028": ["flag_nl","netherlands","flag_netherlands"],
    "\uE029": ["flag_no","norway","flag_norway"],
    "\uE02A": ["flag_np","nepal","flag_nepal"],
    "\uE02B": ["flag_nr","nauru","flag_nauru"],
    "\uE02C": ["flag_nu","niue","flag_niue"],
    "\uE02D": ["flag_nz","new_zealand","flag_new_zealand"],
    "\uE02E": ["flag_om","oman","flag_oman"],
    "\uE02F": ["flag_pa","panama","flag_panama"],

    "\uE030": ["flag_pe","peru","flag_peru"],
    "\uE031": ["flag_pf","french_polynesia","flag_french_polynesia"],
    "\uE032": ["flag_pg","papua_new_guinea","flag_papua_new_guinea"],
    "\uE033": ["flag_ph","philippines","flag_philippines"],
    "\uE034": ["flag_pk","pakistan","flag_pakistan"],
    "\uE035": ["flag_pl","poland","flag_poland"],
    "\uE036": ["flag_pm","saint_pierre_and_miquelon","flag_saint_pierre_and_miquelon"],
    "\uE037": ["flag_pn","pitcairn","flag_pitcairn"],

    "\uE038": ["flag_pr","puerto_rico","flag_puerto_rico"],
    "\uE039": ["flag_ps","palestinian_territory","flag_palestinian_territory"],
    "\uE03A": ["flag_pt","portugal","flag_portugal"],
    "\uE03B": ["flag_pw","palau","flag_palau"],
    "\uE03C": ["flag_py","paraguay","flag_paraguay"],
    "\uE03D": ["flag_qa","qatar","flag_qatar"],
    "\u0000": [],
    "\u0000": []
  }
}