{
  "blacklist": "",
  "emojis": {
    "\uE000": ["flag_re","réunion","flag_réunion"],
    "\uE001": ["flag_ro","romania","flag_romania"],
    "\uE002": ["flag_rs","serbia","flag_serbia"],
    "\uE003": ["flag_ru","russia","flag_russia"],
    "\uE004": ["flag_rw","rwanda","flag_rwanda"],
    "\uE005": ["flag_sa","saudi_arabia","flag_saudi_arabia"],
    "\uE006": ["flag_sb","solomon_islands","flag_solomon_islands"],
    "\uE007": ["flag_sc","seychelles","flag_seychelles"],

    "\uE008": ["flag_sd","sudan","flag_sudan"],
    "\uE009": ["flag_se","sweden","flag_sweden"],
    "\uE00A": ["flag_sg","singapore","flag_singapore"],
    "\uE00B": ["flag_sh","saint_helena,_ascension_and_tristan_da_cunha","flag_saint_helena,_ascension_and_tristan_da_cunha"],
    "\uE00C": ["flag_si","slovenia","flag_slovenia"],
    "\uE00D": ["flag_sj","svalbard_and_jan_mayen","flag_svalbard_and_jan_mayen"],
    "\uE00E": ["flag_sk","slovakia","flag_slovakia"],
    "\uE00F": ["flag_sl","sierra_leone","flag_sierra_leone"],

    "\uE010": ["flag_sm","san_marino","flag_san_marino"],
    "\uE011": ["flag_sn","senegal","flag_senegal"],
    "\uE012": ["flag_so","somalia","flag_somalia"],
    "\uE013": ["flag_sr","suriname","flag_suriname"],
    "\uE014": ["flag_ss","south_sudan","flag_south_sudan"],
    "\uE015": ["flag_st","sao_tome_and_principe","flag_sao_tome_and_principe"],
    "\uE016": ["flag_sv","el_salvador","flag_el_salvador"],
    "\uE017": ["flag_sx","sint_maarten_(dutch_part)","flag_sint_maarten_(dutch_part)"],

    "\uE018": ["flag_sy","syrian_arab_republic","flag_syrian_arab_republic"],
    "\uE019": ["flag_sz","swaziland","flag_swaziland"],
    "\uE01A": ["flag_tc","turks_and_caicos_islands","flag_turks_and_caicos_islands"],
    "\uE01B": ["flag_td","chad","flag_chad"],
    "\uE01C": ["flag_tf","french_southern_territories","flag_french_southern_territories"],
    "\uE01D": ["flag_tg","togo","flag_togo"],
    "\uE01E": ["flag_th","thailand","flag_thailand"],
    "\uE01F": ["flag_tj","tajikistan","flag_tajikistan"],

    "\uE020": ["flag_tk","tokelau","flag_tokelau"],
    "\uE021": ["flag_tl","timor-leste","flag_timor-leste"],
    "\uE022": ["flag_tm","turkmenistan","flag_turkmenistan"],
    "\uE023": ["flag_tn","tunisia","flag_tunisia"],
    "\uE024": ["flag_to","tonga","flag_tonga"],
    "\uE025": ["flag_tr","turkey","flag_turkey"],
    "\uE026": ["flag_tt","trinidad_and_tobago","flag_trinidad_and_tobago"],
    "\uE027": ["flag_tv","tuvalu","flag_tuvalu"],

    "\uE028": ["flag_tw","taiwan","flag_taiwan"],
    "\uE029": ["flag_tz","tanzania","flag_tanzania"],
    "\uE02A": ["flag_ua","ukraine","flag_ukraine"],
    "\uE02B": ["flag_ug","uganda","flag_uganda"],
    "\uE02C": ["flag_um","united_states_minor_outlying_islands","flag_united_states_minor_outlying_islands"],
    "\uE02D": ["flag_us","united_states","flag_united_states"],
    "\uE02E": ["flag_uy","uruguay","flag_uruguay"],
    "\uE02F": ["flag_uz","uzbekistan","flag_uzbekistan"],

    "\uE030": ["flag_va","vatican_city","flag_vatican_city"],
    "\uE031": ["flag_vc","saint_vincent_and_the_grenadines","flag_saint_vincent_and_the_grenadines"],
    "\uE032": ["flag_ve","venezuela","flag_venezuela"],
    "\uE033": ["flag_vg","virgin_islands,_british","flag_virgin_islands,_british"],
    "\uE034": ["flag_vi","virgin_islands,_u.s.","flag_virgin_islands,_u.s."],
    "\uE035": ["flag_vn","viet_nam","flag_viet_nam"],
    "\uE036": ["flag_vu","vanuatu","flag_vanuatu"],
    "\uE037": ["flag_wf","wallis_and_futuna","flag_wallis_and_futuna"],

    "\uE038": ["flag_ws","samoa","flag_samoa"],
    "\uE039": ["flag_ye","yemen","flag_yemen"],
    "\uE03A": ["flag_yt","mayotte","flag_mayotte"],
    "\uE03B": ["flag_za","south_africa","flag_south_africa"],
    "\uE03C": ["flag_zm","zambia","flag_zambia"],
    "\uE03D": ["flag_zw","zimbabwe","flag_zimbabwe"],
    "\u0000": [],
    "\u0000": []
  }
}