{
  "blacklist": "",
  "emojis": {
    "\uE000": ["mcb_oak_log"],
    "\uE001": ["mcb_oak_wood"],
    "\uE002": ["mcb_stripped_oak_log"],
    "\uE003": ["mcb_stripped_oak_wood"],
    "\uE004": ["mcb_oak_planks"],
    "\uE005": ["mcb_oak_stairs"],
    "\uE006": ["mcb_oak_slab"],
    "\uE007": ["mcb_oak_fence"],
    "\uE008": ["mcb_oak_fence_gate"],
    "\uE009": ["mcb_oak_door"],
    "\uE00A": ["mcb_oak_trapdoor"],
    "\uE00B": ["mcb_oak_pressure_plate"],
    "\uE00C": ["mcb_oak_button"],
    "\uE00D": ["mcb_spruce_log"],
    "\uE00E": ["mcb_spruce_wood"],
    "\uE00F": ["mcb_stripped_spruce_log"],
    "\uE010": ["mcb_stripped_spruce_wood"],
    "\uE011": ["mcb_spruce_planks"],
    "\uE012": ["mcb_spruce_stairs"],
    "\uE013": ["mcb_spruce_slab"],
    "\uE014": ["mcb_spruce_fence"],
    "\uE015": ["mcb_spruce_fence_gate"],
    "\uE016": ["mcb_spruce_door"],
    "\uE017": ["mcb_spruce_trapdoor"],
    "\uE018": ["mcb_spruce_pressure_plate"],
    "\uE019": ["mcb_spruce_button"],
    "\uE01A": ["mcb_birch_log"],
    "\uE01B": ["mcb_birch_wood"],
    "\uE01C": ["mcb_stripped_birch_log"],
    "\uE01D": ["mcb_stripped_birch_wood"],
    "\uE01E": ["mcb_birch_planks"],
    "\uE01F": ["mcb_birch_stairs"],
    "\uE020": ["mcb_birch_slab"],
    "\uE021": ["mcb_birch_fence"],
    "\uE022": ["mcb_birch_fence_gate"],
    "\uE023": ["mcb_birch_door"],
    "\uE024": ["mcb_birch_trapdoor"],
    "\uE025": ["mcb_birch_pressure_plate"],
    "\uE026": ["mcb_birch_button"],
    "\uE027": ["mcb_jungle_log"],
    "\uE028": ["mcb_jungle_wood"],
    "\uE029": ["mcb_stripped_jungle_log"],
    "\uE02A": ["mcb_stripped_jungle_wood"],
    "\uE02B": ["mcb_jungle_planks"],
    "\uE02C": ["mcb_jungle_stairs"],
    "\uE02D": ["mcb_jungle_slab"],
    "\uE02E": ["mcb_jungle_fence"],
    "\uE02F": ["mcb_jungle_fence_gate"],
    "\uE030": ["mcb_jungle_door"],
    "\uE031": ["mcb_jungle_trapdoor"],
    "\uE032": ["mcb_jungle_pressure_plate"],
    "\uE033": ["mcb_jungle_button"],
    "\uE034": ["mcb_acacia_log"],
    "\uE035": ["mcb_acacia_wood"],
    "\uE036": ["mcb_stripped_acacia_log"],
    "\uE037": ["mcb_stripped_acacia_wood"],
    "\uE038": ["mcb_acacia_planks"],
    "\uE039": ["mcb_acacia_stairs"],
    "\uE03A": ["mcb_acacia_slab"],
    "\uE03B": ["mcb_acacia_fence"],
    "\uE03C": ["mcb_acacia_fence_gate"],
    "\uE03D": ["mcb_acacia_door"],
    "\uE03E": ["mcb_acacia_trapdoor"],
    "\uE03F": ["mcb_acacia_pressure_plate"],
    "\uE040": ["mcb_acacia_button"],
    "\uE041": ["mcb_dark_oak_log"],
    "\uE042": ["mcb_dark_oak_wood"],
    "\uE043": ["mcb_stripped_dark_oak_log"],
    "\uE044": ["mcb_stripped_dark_oak_wood"],
    "\uE045": ["mcb_dark_oak_planks"],
    "\uE046": ["mcb_dark_oak_stairs"],
    "\uE047": ["mcb_dark_oak_slab"],
    "\uE048": ["mcb_dark_oak_fence"],
    "\uE049": ["mcb_dark_oak_fence_gate"],
    "\uE04A": ["mcb_dark_oak_door"],
    "\uE04B": ["mcb_dark_oak_trapdoor"],
    "\uE04C": ["mcb_dark_oak_pressure_plate"],
    "\uE04D": ["mcb_dark_oak_button"],
    "\uE04E": ["mcb_mangrove_log"],
    "\uE04F": ["mcb_mangrove_wood"],
    "\uE050": ["mcb_stripped_mangrove_log"],
    "\uE051": ["mcb_stripped_mangrove_wood"],
    "\uE052": ["mcb_mangrove_planks"],
    "\uE053": ["mcb_mangrove_stairs"],
    "\uE054": ["mcb_mangrove_slab"],
    "\uE055": ["mcb_mangrove_fence"],
    "\uE056": ["mcb_mangrove_fence_gate"],
    "\uE057": ["mcb_mangrove_door"],
    "\uE058": ["mcb_mangrove_trapdoor"],
    "\uE059": ["mcb_mangrove_pressure_plate"],
    "\uE05A": ["mcb_mangrove_button"],
    "\uE05B": ["mcb_cherry_log"],
    "\uE05C": ["mcb_cherry_wood"],
    "\uE05D": ["mcb_stripped_cherry_log"],
    "\uE05E": ["mcb_stripped_cherry_wood"],
    "\uE05F": ["mcb_cherry_planks"],
    "\uE060": ["mcb_cherry_stairs"],
    "\uE061": ["mcb_cherry_slab"],
    "\uE062": ["mcb_cherry_fence"],
    "\uE063": ["mcb_cherry_fence_gate"],
    "\uE064": ["mcb_cherry_door"],
    "\uE065": ["mcb_cherry_trapdoor"],
    "\uE066": ["mcb_cherry_pressure_plate"],
    "\uE067": ["mcb_cherry_button"],
    "\uE068": ["mcb_pale_oak_log"],
    "\uE069": ["mcb_pale_oak_wood"],
    "\uE06A": ["mcb_stripped_pale_oak_log"],
    "\uE06B": ["mcb_stripped_pale_oak_wood"],
    "\uE06C": ["mcb_pale_oak_planks"],
    "\uE06D": ["mcb_pale_oak_stairs"],
    "\uE06E": ["mcb_pale_oak_slab"],
    "\uE06F": ["mcb_pale_oak_fence"],
    "\uE070": ["mcb_pale_oak_fence_gate"],
    "\uE071": ["mcb_pale_oak_door"],
    "\uE072": ["mcb_pale_oak_trapdoor"],
    "\uE073": ["mcb_pale_oak_pressure_plate"],
    "\uE074": ["mcb_pale_oak_button"],
    "\uE075": ["mcb_bamboo_block"],
    "\uE076": ["mcb_stripped_bamboo_block"],
    "\uE077": ["mcb_bamboo_planks"],
    "\uE078": ["mcb_bamboo_mosaic"],
    "\uE079": ["mcb_bamboo_stairs"],
    "\uE07A": ["mcb_bamboo_mosaic_stairs"],
    "\uE07B": ["mcb_bamboo_slab"],
    "\uE07C": ["mcb_bamboo_mosaic_slab"],
    "\uE07D": ["mcb_bamboo_fence"],
    "\uE07E": ["mcb_bamboo_fence_gate"],
    "\uE07F": ["mcb_bamboo_door"],
    "\uE080": ["mcb_bamboo_trapdoor"],
    "\uE081": ["mcb_bamboo_pressure_plate"],
    "\uE082": ["mcb_bamboo_button"],
    "\uE083": ["mcb_crimson_stem"],
    "\uE084": ["mcb_crimson_hyphae"],
    "\uE085": ["mcb_stripped_crimson_stem"],
    "\uE086": ["mcb_stripped_crimson_hyphae"],
    "\uE087": ["mcb_crimson_planks"],
    "\uE088": ["mcb_crimson_stairs"],
    "\uE089": ["mcb_crimson_slab"],
    "\uE08A": ["mcb_crimson_fence"],
    "\uE08B": ["mcb_crimson_fence_gate"],
    "\uE08C": ["mcb_crimson_door"],
    "\uE08D": ["mcb_crimson_trapdoor"],
    "\uE08E": ["mcb_crimson_pressure_plate"],
    "\uE08F": ["mcb_crimson_button"],
    "\uE090": ["mcb_warped_stem"],
    "\uE091": ["mcb_warped_hyphae"],
    "\uE092": ["mcb_stripped_warped_stem"],
    "\uE093": ["mcb_stripped_warped_hyphae"],
    "\uE094": ["mcb_warped_planks"],
    "\uE095": ["mcb_warped_stairs"],
    "\uE096": ["mcb_warped_slab"],
    "\uE097": ["mcb_warped_fence"],
    "\uE098": ["mcb_warped_fence_gate"],
    "\uE099": ["mcb_warped_door"],
    "\uE09A": ["mcb_warped_trapdoor"],
    "\uE09B": ["mcb_warped_pressure_plate"],
    "\uE09C": ["mcb_warped_button"],
    "\uE09D": ["mcb_stone", "infested_stone"],
    "\uE09E": ["mcb_stone_stairs"],
    "\uE09F": ["mcb_stone_slab"],
    "\uE0A0": ["mcb_stone_pressure_plate"],
    "\uE0A1": ["mcb_stone_button"],
    "\uE0A2": ["mcb_cobblestone", "infested_cobblestone"],
    "\uE0A3": ["mcb_cobblestone_stairs"],
    "\uE0A4": ["mcb_cobblestone_slab"],
    "\uE0A5": ["mcb_cobblestone_wall"],
    "\uE0A6": ["mcb_mossy_cobblestone"],
    "\uE0A7": ["mcb_mossy_cobblestone_stairs"],
    "\uE0A8": ["mcb_mossy_cobblestone_slab"],
    "\uE0A9": ["mcb_mossy_cobblestone_wall"],
    "\uE0AA": ["mcb_smooth_stone"],
    "\uE0AB": ["mcb_smooth_stone_slab"],
    "\uE0AC": ["mcb_stone_bricks", "infested_stone_bricks"],
    "\uE0AD": ["mcb_cracked_stone_bricks", "infested_cracked_stone_bricks"],
    "\uE0AE": ["mcb_stone_brick_stairs"],
    "\uE0AF": ["mcb_stone_brick_slab"],
    "\uE0B0": ["mcb_stone_brick_wall"],
    "\uE0B1": ["mcb_chiseled_stone_bricks", "infested_chiseled_stone_bricks"],
    "\uE0B2": ["mcb_mossy_stone_bricks", "infested_mossy_stone_bricks"],
    "\uE0B3": ["mcb_mossy_stone_brick_stairs"],
    "\uE0B4": ["mcb_mossy_stone_brick_slab"],
    "\uE0B5": ["mcb_mossy_stone_brick_wall"],
    "\uE0B6": ["mcb_granite"],
    "\uE0B7": ["mcb_granite_stairs"],
    "\uE0B8": ["mcb_granite_slab"],
    "\uE0B9": ["mcb_granite_wall"],
    "\uE0BA": ["mcb_polished_granite"],
    "\uE0BB": ["mcb_polished_granite_stairs"],
    "\uE0BC": ["mcb_polished_granite_slab"],
    "\uE0BD": ["mcb_diorite"],
    "\uE0BE": ["mcb_diorite_stairs"],
    "\uE0BF": ["mcb_diorite_slab"],
    "\uE0C0": ["mcb_diorite_wall"],
    "\uE0C1": ["mcb_polished_diorite"],
    "\uE0C2": ["mcb_polished_diorite_stairs"],
    "\uE0C3": ["mcb_polished_diorite_slab"],
    "\uE0C4": ["mcb_andesite"],
    "\uE0C5": ["mcb_andesite_stairs"],
    "\uE0C6": ["mcb_andesite_slab"],
    "\uE0C7": ["mcb_andesite_wall"],
    "\uE0C8": ["mcb_polished_andesite"],
    "\uE0C9": ["mcb_polished_andesite_stairs"],
    "\uE0CA": ["mcb_polished_andesite_slab"],
    "\uE0CB": ["mcb_deepslate", "infested_deepslate"],
    "\uE0CC": ["mcb_cobbled_deepslate"],
    "\uE0CD": ["mcb_cobbled_deepslate_stairs"],
    "\uE0CE": ["mcb_cobbled_deepslate_slab"],
    "\uE0CF": ["mcb_cobbled_deepslate_wall"],
    "\uE0D0": ["mcb_chiseled_deepslate"],
    "\uE0D1": ["mcb_polished_deepslate"],
    "\uE0D2": ["mcb_polished_deepslate_stairs"],
    "\uE0D3": ["mcb_polished_deepslate_slab"],
    "\uE0D4": ["mcb_polished_deepslate_wall"],
    "\uE0D5": ["mcb_deepslate_bricks"],
    "\uE0D6": ["mcb_cracked_deepslate_bricks"],
    "\uE0D7": ["mcb_deepslate_brick_stairs"],
    "\uE0D8": ["mcb_deepslate_brick_slab"],
    "\uE0D9": ["mcb_deepslate_brick_wall"],
    "\uE0DA": ["mcb_deepslate_tiles"],
    "\uE0DB": ["mcb_cracked_deepslate_tiles"],
    "\uE0DC": ["mcb_deepslate_tile_stairs"],
    "\uE0DD": ["mcb_deepslate_tile_slab"],
    "\uE0DE": ["mcb_deepslate_tile_wall"],
    "\uE0DF": ["mcb_reinforced_deepslate"],
    "\uE0E0": ["mcb_tuff"],
    "\uE0E1": ["mcb_tuff_stairs"],
    "\uE0E2": ["mcb_tuff_slab"],
    "\uE0E3": ["mcb_tuff_wall"],
    "\uE0E4": ["mcb_chiseled_tuff"],
    "\uE0E5": ["mcb_polished_tuff"],
    "\uE0E6": ["mcb_polished_tuff_stairs"],
    "\uE0E7": ["mcb_polished_tuff_slab"],
    "\uE0E8": ["mcb_polished_tuff_wall"],
    "\uE0E9": ["mcb_tuff_bricks"],
    "\uE0EA": ["mcb_tuff_brick_stairs"],
    "\uE0EB": ["mcb_tuff_brick_slab"],
    "\uE0EC": ["mcb_tuff_brick_wall"],
    "\uE0ED": ["mcb_chiseled_tuff_bricks"],
    "\uE0EE": ["mcb_bricks"],
    "\uE0EF": ["mcb_brick_stairs"],
    "\uE0F0": ["mcb_brick_slab"],
    "\uE0F1": ["mcb_brick_wall"],
    "\uE0F2": ["mcb_packed_mud"],
    "\uE0F3": ["mcb_mud_bricks"],
    "\uE0F4": ["mcb_mud_brick_stairs"],
    "\uE0F5": ["mcb_mud_brick_slab"],
    "\uE0F6": ["mcb_mud_brick_wall"],
    "\uE0F7": ["mcb_resin_bricks"],
    "\uE0F8": ["mcb_resin_brick_stairs"],
    "\uE0F9": ["mcb_resin_brick_slab"],
    "\uE0FA": ["mcb_resin_brick_wall"],
    "\uE0FB": ["mcb_chiseled_resin_bricks"],
    "\uE0FC": ["mcb_sandstone"],
    "\uE0FD": ["mcb_sandstone_stairs"],
    "\uE0FE": ["mcb_sandstone_slab"],
    "\uE0FF": ["mcb_sandstone_wall"],
    "\uE100": ["mcb_chiseled_sandstone"],
    "\uE101": ["mcb_smooth_sandstone"],
    "\uE102": ["mcb_smooth_sandstone_stairs"],
    "\uE103": ["mcb_smooth_sandstone_slab"],
    "\uE104": ["mcb_cut_samdstone"],
    "\uE105": ["mcb_cut_sandstone_slab"],
    "\uE106": ["mcb_red_sandstone"],
    "\uE107": ["mcb_red_sandstone_stairs"],
    "\uE108": ["mcb_red_sandstone_slab"],
    "\uE109": ["mcb_red_sandstone_wall"],
    "\uE10A": ["mcb_chiseled_red_sandstone"],
    "\uE10B": ["mcb_smooth_red_sandstone"],
    "\uE10C": ["mcb_smooth_red_sandstone_stairs"],
    "\uE10D": ["mcb_smooth_red_sandstone_slab"],
    "\uE10E": ["mcb_cut_red_sandstone"],
    "\uE10F": ["mcb_cut_red_sandstone_slab"],
    "\uE110": ["mcb_sea_lantern"],
    "\uE111": ["mcb_prismarine"],
    "\uE112": ["mcb_prismarine_stairs"],
    "\uE113": ["mcb_prismarine_slab"],
    "\uE114": ["mcb_prismarine_wall"],
    "\uE115": ["mcb_prismarine_bricks"],
    "\uE116": ["mcb_prismarine_brick_stairs"],
    "\uE117": ["mcb_prismarine_brick_slab"],
    "\uE118": ["mcb_dark_prismarine"],
    "\uE119": ["mcb_dark_prismarine_stairs"],
    "\uE11A": ["mcb_dark_prismarine_slab"],
    "\uE11B": ["mcb_netherrack"],
    "\uE11C": ["mcb_nether_bricks"],
    "\uE11D": ["mcb_cracked_nether_bricks"],
    "\uE11E": ["mcb_nether_brick_stairs"],
    "\uE11F": ["mcb_nether_brick_slab"],
    "\uE120": ["mcb_nether_brick_wall"],
    "\uE121": ["mcb_nether_brick_fence"],
    "\uE122": ["mcb_chiseled_nether_bricks"],
    "\uE123": ["mcb_red_nether_bricks"],
    "\uE124": ["mcb_red_nether_brick_stairs"],
    "\uE125": ["mcb_red_nether_brick_slab"],
    "\uE126": ["mcb_red_nether_brick_wall"],
    "\uE127": ["mcb_basalt"],
    "\uE128": ["mcb_smooth_basalt"],
    "\uE129": ["mcb_polished_basalt"],
    "\uE12A": ["mcb_blackstone"],
    "\uE12B": ["mcb_gilded_blackstone"],
    "\uE12C": ["mcb_blackstone_stairs"],
    "\uE12D": ["mcb_blackstone_slab"],
    "\uE12E": ["mcb_blackstone_wall"],
    "\uE12F": ["mcb_chiseled_polished_blackstone"],
    "\uE130": ["mcb_polished_blackstone"],
    "\uE131": ["mcb_polished_blackstone_stairs"],
    "\uE132": ["mcb_polished_blackstone_slab"],
    "\uE133": ["mcb_polished_blackstone_wall"],
    "\uE134": ["mcb_polished_blackstone_pressure_plate"],
    "\uE135": ["mcb_polished_blackstone_button"],
    "\uE136": ["mcb_polished_blackstone_bricks"],
    "\uE137": ["mcb_cracked_polished_blackstone_bricks"],
    "\uE138": ["mcb_polished_blackstone_brick_stairs"],
    "\uE139": ["mcb_polished_blackstone_brick_slab"],
    "\uE13A": ["mcb_polished_blackstone_brick_wall"],
    "\uE13B": ["mcb_end_stone"],
    "\uE13C": ["mcb_end_stone_bricks"],
    "\uE13D": ["mcb_end_stone_brick_stairs"],
    "\uE13E": ["mcb_end_stone_brick_slab"],
    "\uE13F": ["mcb_end_stone_brick_wall"],
    "\uE140": ["mcb_purpur_block"],
    "\uE141": ["mcb_purpur_pillar"],
    "\uE142": ["mcb_purpur_stairs"],
    "\uE143": ["mcb_purpur_slab"],
    "\uE144": ["mcb_coal_block"],
    "\uE145": ["mcb_iron_block"],
    "\uE146": ["mcb_iron_bars"],
    "\uE147": ["mcb_iron_door"],
    "\uE148": ["mcb_iron_trapdoor"],
    "\uE149": ["mcb_heavy_weighted_pressure_plate"],
    "\uE14A": ["mcb_chain"],
    "\uE14B": ["mcb_gold_block"],
    "\uE14C": ["mcb_light_weighted_pressure_plate"],
    "\uE14D": ["mcb_redstone_block"],
    "\uE14E": ["mcb_emerald_block"],
    "\uE14F": ["mcb_lapis_block"],
    "\uE150": ["mcb_diamond_block"],
    "\uE151": ["mcb_netherite_block"],
    "\uE152": ["mcb_quartz_block"],
    "\uE153": ["mcb_quartz_stairs"],
    "\uE154": ["mcb_quartz_slab"],
    "\uE155": ["mcb_chiseled_quartz_block"],
    "\uE156": ["mcb_quartz_bricks"],
    "\uE157": ["mcb_quartz_pillar"],
    "\uE158": ["mcb_smooth_quartz"],
    "\uE159": ["mcb_smooth_quartz_stairs"],
    "\uE15A": ["mcb_smooth_quartz_slab"],
    "\uE15B": ["mcb_amethyst_block"],
    "\uE15C": ["mcb_copper_block", "mcb_waxed_copper_block"],
    "\uE15D": ["mcb_chiseled_copper_block", "mcb_waxed_chiseled_copper_block"],
    "\uE15E": ["mcb_copper_grate", "mcb_waxed_copper_grate"],
    "\uE15F": ["mcb_cut_copper", "mcb_waxed_cut_copper"],
    "\uE160": ["mcb_cut_copper_stairs", "mcb_waxed_cut_copper_stairs"],
    "\uE161": ["mcb_cut_copper_slab", "mcb_waxed_cut_copper_slab"],
    "\uE162": ["mcb_copper_door", "mcb_waxed_copper_door"],
    "\uE163": ["mcb_copper_trapdoor", "mcb_waxed_copper_trapdoor"],
    "\uE164": ["mcb_copper_bulb", "mcb_waxed_copper_bulb"],
    "\uE165": ["mcb_copper_bulb_on", "mcb_waxed_copper_bulb_on"],
    "\uE166": ["mcb_exposed_copper", "mcb_waxed_exposed_copper"],
    "\uE167": ["mcb_exposed_chiseled_copper", "mcb_waxed_exposed_chiseled_copper"],
    "\uE168": ["mcb_exposed_copper_grate", "mcb_waxed_exposed_copper_grate"],
    "\uE169": ["mcb_exposed_cut_copper", "mcb_waxed_exposed_cut_copper"],
    "\uE16A": ["mcb_exposed_cut_copper_stairs", "mcb_waxed_exposed_cut_copper_stairs"],
    "\uE16B": ["mcb_exposed_cut_copper_slab", "mcb_waxed_exposed_cut_copper_slab"],
    "\uE16C": ["mcb_exposed_copper_door", "mcb_waxed_exposed_copper_door"],
    "\uE16D": ["mcb_exposed_copper_trapdoor", "mcb_waxed_exposed_copper_trapdoor"],
    "\uE16E": ["mcb_exposed_copper_bulb", "mcb_waxed_exposed_copper_bulb"],
    "\uE16F": ["mcb_exposed_copper_bulb_on", "mcb_waxed_exposed_copper_bulb_on"],
    "\uE170": ["mcb_weathered_copper", "mcb_waxed_weathered_copper"],
    "\uE171": ["mcb_weathered_chiseled_copper", "mcb_waxed_weathered_chiseled_copper"],
    "\uE172": ["mcb_weathered_copper_grate", "mcb_waxed_weathered_copper_grate"],
    "\uE173": ["mcb_weathered_cut_copper", "mcb_waxed_weathered_cut_copper"],
    "\uE174": ["mcb_weathered_cut_copper_stairs", "mcb_waxed_weathered_cut_copper_stairs"],
    "\uE175": ["mcb_weathered_cut_copper_slab", "mcb_waxed_weathered_cut_copper_slab"],
    "\uE176": ["mcb_weathered_copper_door", "mcb_waxed_weathered_copper_door"],
    "\uE177": ["mcb_weathered_copper_trapdoor", "mcb_waxed_weathered_copper_trapdoor"],
    "\uE178": ["mcb_weathered_copper_bulb", "mcb_waxed_weathered_copper_bulb"],
    "\uE179": ["mcb_weathered_copper_bulb_on", "mcb_waxed_weathered_copper_bulb_on"],
    "\uE17A": ["mcb_oxidized_copper", "mcb_waxed_oxidized_copper"],
    "\uE17B": ["mcb_oxidized_chiseled_copper", "mcb_waxed_oxidized_chiseled_copper"],
    "\uE17C": ["mcb_oxidized_copper_grate", "mcb_waxed_oxidized_copper_grate"],
    "\uE17D": ["mcb_oxidized_cut_copper", "mcb_waxed_oxidized_cut_copper"],
    "\uE17E": ["mcb_oxidized_cut_copper_stairs", "mcb_waxed_oxidized_cut_copper_stairs"],
    "\uE17F": ["mcb_oxidized_cut_copper_slab", "mcb_waxed_oxidized_cut_copper_slab"],
    "\uE180": ["mcb_oxidized_copper_door", "mcb_waxed_oxidized_copper_door"],
    "\uE181": ["mcb_oxidized_copper_trapdoor", "mcb_waxed_oxidized_copper_trapdoor"],
    "\uE182": ["mcb_oxidized_copper_bulb", "mcb_waxed_oxidized_copper_bulb"],
    "\uE183": ["mcb_oxidized_copper_bulb_on", "mcb_waxed_oxidized_copper_bulb_on"],
    "\uE184": ["mcb_white_wool", "mcb_wool_white"],
    "\uE185": ["mcb_light_gray_wool", "mcb_wool_light_gray"],
    "\uE186": ["mcb_gray_wool", "mcb_wool_gray"],
    "\uE187": ["mcb_black_wool", "mcb_wool_black"],
    "\uE188": ["mcb_brown_wool", "mcb_wool_brown"],
    "\uE189": ["mcb_red_wool", "mcb_wool_red"],
    "\uE18A": ["mcb_orange_wool", "mcb_wool_orange"],
    "\uE18B": ["mcb_yellow_wool", "mcb_wool_yellow"],
    "\uE18C": ["mcb_lime_wool", "mcb_wool_lime"],
    "\uE18D": ["mcb_green_wool", "mcb_wool_green"],
    "\uE18E": ["mcb_cyan_wool", "mcb_wool_cyan"],
    "\uE18F": ["mcb_light_blue_wool", "mcb_wool_light_blue"],
    "\uE190": ["mcb_blue_wool", "mcb_wool_blue"],
    "\uE191": ["mcb_purple_wool", "mcb_wool_purple"],
    "\uE192": ["mcb_magenta_wool", "mcb_wool_magenta"],
    "\uE193": ["mcb_pink_wool", "mcb_wool_pink"],
    "\uE194": ["mcb_white_carpet", "mcb_carpet_white"],
    "\uE195": ["mcb_light_gray_carpet", "mcb_carpet_light_gray"],
    "\uE196": ["mcb_gray_carpet", "mcb_carpet_gray"],
    "\uE197": ["mcb_black_carpet", "mcb_carpet_black"],
    "\uE198": ["mcb_brown_carpet", "mcb_carpet_brown"],
    "\uE199": ["mcb_red_carpet", "mcb_carpet_red"],
    "\uE19A": ["mcb_orange_carpet", "mcb_carpet_orange"],
    "\uE19B": ["mcb_yellow_carpet", "mcb_carpet_yellow"],
    "\uE19C": ["mcb_lime_carpet", "mcb_carpet_lime"],
    "\uE19D": ["mcb_green_carpet", "mcb_carpet_green"],
    "\uE19E": ["mcb_cyan_carpet", "mcb_carpet_cyan"],
    "\uE19F": ["mcb_light_blue_carpet", "mcb_carpet_light_blue"],
    "\uE1A0": ["mcb_blue_carpet", "mcb_carpet_blue"],
    "\uE1A1": ["mcb_purple_carpet", "mcb_carpet_purple"],
    "\uE1A2": ["mcb_magenta_carpet", "mcb_carpet_magenta"],
    "\uE1A3": ["mcb_pink_carpet", "mcb_carpet_pink"],
    "\uE1A4": ["mcb_terracotta"],
    "\uE1A5": ["mcb_white_terracotta", "mcb_terracotta_white"],
    "\uE1A6": ["mcb_light_gray_terracotta", "mcb_terracotta_light_gray"],
    "\uE1A7": ["mcb_gray_terracotta", "mcb_terracotta_gray"],
    "\uE1A8": ["mcb_black_terracotta", "mcb_terracotta_black"],
    "\uE1A9": ["mcb_brown_terracotta", "mcb_terracotta_brown"],
    "\uE1AA": ["mcb_red_terracotta", "mcb_terracotta_red"],
    "\uE1AB": ["mcb_orange_terracotta", "mcb_terracotta_orange"],
    "\uE1AC": ["mcb_yellow_terracotta", "mcb_terracotta_yellow"],
    "\uE1AD": ["mcb_lime_terracotta", "mcb_terracotta_lime"],
    "\uE1AE": ["mcb_green_terracotta", "mcb_terracotta_green"],
    "\uE1AF": ["mcb_cyan_terracotta", "mcb_terracotta_cyan"],
    "\uE1B0": ["mcb_light_blue_terracotta", "mcb_terracotta_light_blue"],
    "\uE1B1": ["mcb_blue_terracotta", "mcb_terracotta_blue"],
    "\uE1B2": ["mcb_purple_terracotta", "mcb_terracotta_purple"],
    "\uE1B3": ["mcb_magenta_terracotta", "mcb_terracotta_magenta"],
    "\uE1B4": ["mcb_pink_terracotta", "mcb_terracotta_pink"],
    "\uE1B5": ["mcb_white_concrete", "mcb_concrete_white"],
    "\uE1B6": ["mcb_light_gray_concrete", "mcb_concrete_light_gray"],
    "\uE1B7": ["mcb_gray_concrete", "mcb_concrete_gray"],
    "\uE1B8": ["mcb_black_concrete", "mcb_concrete_black"],
    "\uE1B9": ["mcb_brown_concrete", "mcb_concrete_brown"],
    "\uE1BA": ["mcb_red_concrete", "mcb_concrete_red"],
    "\uE1BB": ["mcb_orange_concrete", "mcb_concrete_orange"],
    "\uE1BC": ["mcb_yellow_concrete", "mcb_concrete_yellow"],
    "\uE1BD": ["mcb_lime_concrete", "mcb_concrete_lime"],
    "\uE1BE": ["mcb_green_concrete", "mcb_concrete_green"],
    "\uE1BF": ["mcb_cyan_concrete", "mcb_concrete_cyan"],
    "\uE1C0": ["mcb_light_blue_concrete", "mcb_concrete_light_blue"],
    "\uE1C1": ["mcb_blue_concrete", "mcb_concrete_blue"],
    "\uE1C2": ["mcb_purple_concrete", "mcb_concrete_purple"],
    "\uE1C3": ["mcb_magenta_concrete", "mcb_concrete_magenta"],
    "\uE1C4": ["mcb_pink_concrete", "mcb_concrete_pink"],
    "\uE1C5": ["mcb_white_concrete_powder", "mcb_concrete_powder_white"],
    "\uE1C6": ["mcb_light_gray_concrete_powder", "mcb_concrete_powder_light_gray"],
    "\uE1C7": ["mcb_gray_concrete_powder", "mcb_concrete_powder_gray"],
    "\uE1C8": ["mcb_black_concrete_powder", "mcb_concrete_powder_black"],
    "\uE1C9": ["mcb_brown_concrete_powder", "mcb_concrete_powder_brown"],
    "\uE1CA": ["mcb_red_concrete_powder", "mcb_concrete_powder_red"],
    "\uE1CB": ["mcb_orange_concrete_powder", "mcb_concrete_powder_orange"],
    "\uE1CC": ["mcb_yellow_concrete_powder", "mcb_concrete_powder_yellow"],
    "\uE1CD": ["mcb_lime_concrete_powder", "mcb_concrete_powder_lime"],
    "\uE1CE": ["mcb_green_concrete_powder", "mcb_concrete_powder_green"],
    "\uE1CF": ["mcb_cyan_concrete_powder", "mcb_concrete_powder_cyan"],
    "\uE1D0": ["mcb_light_blue_concrete_powder", "mcb_concrete_powder_light_blue"],
    "\uE1D1": ["mcb_blue_concrete_powder", "mcb_concrete_powder_blue"],
    "\uE1D2": ["mcb_purple_concrete_powder", "mcb_concrete_powder_purple"],
    "\uE1D3": ["mcb_magenta_concrete_powder", "mcb_concrete_powder_magenta"],
    "\uE1D4": ["mcb_pink_concrete_powder", "mcb_concrete_powder_pink"],
    "\uE1D5": ["mcb_white_glazed_terracotta", "mcb_glazed_terracotta_white"],
    "\uE1D6": ["mcb_light_gray_glazed_terracotta", "mcb_glazed_terracotta_light_gray"],
    "\uE1D7": ["mcb_gray_glazed_terracotta", "mcb_glazed_terracotta_gray"],
    "\uE1D8": ["mcb_black_glazed_terracotta", "mcb_glazed_terracotta_black"],
    "\uE1D9": ["mcb_brown_glazed_terracotta", "mcb_glazed_terracotta_brown"],
    "\uE1DA": ["mcb_red_glazed_terracotta", "mcb_glazed_terracotta_red"],
    "\uE1DB": ["mcb_orange_glazed_terracotta", "mcb_glazed_terracotta_orange"],
    "\uE1DC": ["mcb_yellow_glazed_terracotta", "mcb_glazed_terracotta_yellow"],
    "\uE1DD": ["mcb_lime_glazed_terracotta", "mcb_glazed_terracotta_lime"],
    "\uE1DE": ["mcb_green_glazed_terracotta", "mcb_glazed_terracotta_green"],
    "\uE1DF": ["mcb_cyan_glazed_terracotta", "mcb_glazed_terracotta_cyan"],
    "\uE1E0": ["mcb_light_blue_glazed_terracotta", "mcb_glazed_terracotta_light_blue"],
    "\uE1E1": ["mcb_blue_glazed_terracotta", "mcb_glazed_terracotta_blue"],
    "\uE1E2": ["mcb_purple_glazed_terracotta", "mcb_glazed_terracotta_purple"],
    "\uE1E3": ["mcb_magenta_glazed_terracotta", "mcb_glazed_terracotta_magenta"],
    "\uE1E4": ["mcb_pink_glazed_terracotta", "mcb_glazed_terracotta_pink"],
    "\uE1E5": ["mcb_glass", "mcb_glass_pane"],
    "\uE1E6": ["mcb_tinted_glass"],
    "\uE1E7": ["mcb_white_stained_glass", "mcb_white_stained_glass_pane", "mcb_stained_glass_white", "mcb_stained_glass_pane_white"],
    "\uE1E8": ["mcb_light_gray_stained_glass", "mcb_light_gray_stained_glass_pane", "mcb_stained_glass_light_gray", "mcb_stained_glass_pane_light_gray"],
    "\uE1E9": ["mcb_gray_stained_glass", "mcb_gray_stained_glass_pane", "mcb_stained_glass_gray", "mcb_stained_glass_pane_gray"],
    "\uE1EA": ["mcb_black_stained_glass", "mcb_black_stained_glass_pane", "mcb_stained_glass_black", "mcb_stained_glass_pane_black"],
    "\uE1EB": ["mcb_brown_stained_glass", "mcb_brown_stained_glass_pane", "mcb_stained_glass_brown", "mcb_stained_glass_pane_brown"],
    "\uE1EC": ["mcb_red_stained_glass", "mcb_red_stained_glass_pane", "mcb_stained_glass_red", "mcb_stained_glass_pane_red"],
    "\uE1ED": ["mcb_orange_stained_glass", "mcb_orange_stained_glass_pane", "mcb_stained_glass_orange", "mcb_stained_glass_pane_orange"],
    "\uE1EE": ["mcb_yellow_stained_glass", "mcb_yellow_stained_glass_pane", "mcb_stained_glass_yellow", "mcb_stained_glass_pane_yellow"],
    "\uE1EF": ["mcb_lime_stained_glass", "mcb_lime_stained_glass_pane", "mcb_stained_glass_lime", "mcb_stained_glass_pane_lime"],
    "\uE1F0": ["mcb_green_stained_glass", "mcb_green_stained_glass_pane", "mcb_stained_glass_green", "mcb_stained_glass_pane_green"],
    "\uE1F1": ["mcb_cyan_stained_glass", "mcb_cyan_stained_glass_pane", "mcb_stained_glass_cyan", "mcb_stained_glass_pane_cyan"],
    "\uE1F2": ["mcb_light_blue_stained_glass", "mcb_light_blue_stained_glass_pane", "mcb_stained_glass_light_blue", "mcb_stained_glass_pane_light_blue"],
    "\uE1F3": ["mcb_blue_stained_glass", "mcb_blue_stained_glass_pane", "mcb_stained_glass_blue", "mcb_stained_glass_pane_blue"],
    "\uE1F4": ["mcb_purple_stained_glass", "mcb_purple_stained_glass_pane", "mcb_stained_glass_purple", "mcb_stained_glass_pane_purple"],
    "\uE1F5": ["mcb_magenta_stained_glass", "mcb_magenta_stained_glass_pane", "mcb_stained_glass_magenta", "mcb_stained_glass_pane_magenta"],
    "\uE1F6": ["mcb_pink_stained_glass", "mcb_pink_stained_glass_pane", "mcb_stained_glass_pink", "mcb_stained_glass_pane_pink"],
    "\uE1F7": ["mcb_shulker_box"],
    "\uE1F8": ["mcb_white_shulker_box", "mcb_shulker_box_white"],
    "\uE1F9": ["mcb_light_gray_shulker_box", "mcb_shulker_box_light_gray"],
    "\uE1FA": ["mcb_gray_shulker_box", "mcb_shulker_box_gray"],
    "\uE1FB": ["mcb_black_shulker_box", "mcb_shulker_box_black"],
    "\uE1FC": ["mcb_brown_shulker_box", "mcb_shulker_box_brown"],
    "\uE1FD": ["mcb_red_shulker_box", "mcb_shulker_box_red"],
    "\uE1FE": ["mcb_orange_shulker_box", "mcb_shulker_box_orange"],
    "\uE1FF": ["mcb_yellow_shulker_box", "mcb_shulker_box_yellow"],
    "\uE200": ["mcb_lime_shulker_box", "mcb_shulker_box_lime"],
    "\uE201": ["mcb_green_shulker_box", "mcb_shulker_box_green"],
    "\uE202": ["mcb_cyan_shulker_box", "mcb_shulker_box_cyan"],
    "\uE203": ["mcb_light_blue_shulker_box", "mcb_shulker_box_light_blue"],
    "\uE204": ["mcb_blue_shulker_box", "mcb_shulker_box_blue"],
    "\uE205": ["mcb_purple_shulker_box", "mcb_shulker_box_purple"],
    "\uE206": ["mcb_magenta_shulker_box", "mcb_shulker_box_magenta"],
    "\uE207": ["mcb_pink_shulker_box", "mcb_shulker_box_pink"],
    "\uE208": ["mcb_white_bed", "mcb_bed_white"],
    "\uE209": ["mcb_light_gray_bed", "mcb_bed_light_gray"],
    "\uE20A": ["mcb_gray_bed", "mcb_bed_gray"],
    "\uE20B": ["mcb_black_bed", "mcb_bed_black"],
    "\uE20C": ["mcb_brown_bed", "mcb_bed_brown"],
    "\uE20D": ["mcb_red_bed", "mcb_bed_red"],
    "\uE20E": ["mcb_orange_bed", "mcb_bed_orange"],
    "\uE20F": ["mcb_yellow_bed", "mcb_bed_yellow"],
    "\uE210": ["mcb_lime_bed", "mcb_bed_lime"],
    "\uE211": ["mcb_green_bed", "mcb_bed_green"],
    "\uE212": ["mcb_cyan_bed", "mcb_bed_cyan"],
    "\uE213": ["mcb_light_blue_bed", "mcb_bed_light_blue"],
    "\uE214": ["mcb_blue_bed", "mcb_bed_blue"],
    "\uE215": ["mcb_purple_bed", "mcb_bed_purple"],
    "\uE216": ["mcb_magenta_bed", "mcb_bed_magenta"],
    "\uE217": ["mcb_pink_bed", "mcb_bed_pink"],
    "\uE218": ["mcb_candle"],
    "\uE219": ["mcb_white_candle", "mcb_candle_white"],
    "\uE21A": ["mcb_light_gray_candle", "mcb_candle_light_gray"],
    "\uE21B": ["mcb_gray_candle", "mcb_candle_gray"],
    "\uE21C": ["mcb_black_candle", "mcb_candle_black"],
    "\uE21D": ["mcb_brown_candle", "mcb_candle_brown"],
    "\uE21E": ["mcb_red_candle", "mcb_candle_red"],
    "\uE21F": ["mcb_orange_candle", "mcb_candle_orange"],
    "\uE220": ["mcb_yellow_candle", "mcb_candle_yellow"],
    "\uE221": ["mcb_lime_candle", "mcb_candle_lime"],
    "\uE222": ["mcb_green_candle", "mcb_candle_green"],
    "\uE223": ["mcb_cyan_candle", "mcb_candle_cyan"],
    "\uE224": ["mcb_light_blue_candle", "mcb_candle_light_blue"],
    "\uE225": ["mcb_blue_candle", "mcb_candle_blue"],
    "\uE226": ["mcb_purple_candle", "mcb_candle_purple"],
    "\uE227": ["mcb_magenta_candle", "mcb_candle_magenta"],
    "\uE228": ["mcb_pink_candle", "mcb_candle_pink"],
    "\uE229": ["mcb_white_banner", "mcb_banner_white"],
    "\uE22A": ["mcb_light_gray_banner", "mcb_banner_light_gray"],
    "\uE22B": ["mcb_gray_banner", "mcb_banner_gray"],
    "\uE22C": ["mcb_black_banner", "mcb_banner_black"],
    "\uE22D": ["mcb_brown_banner", "mcb_banner_brown"],
    "\uE22E": ["mcb_red_banner", "mcb_banner_red"],
    "\uE22F": ["mcb_orange_banner", "mcb_banner_orange"],
    "\uE230": ["mcb_yellow_banner", "mcb_banner_yellow"],
    "\uE231": ["mcb_lime_banner", "mcb_banner_lime"],
    "\uE232": ["mcb_green_banner", "mcb_banner_green"],
    "\uE233": ["mcb_cyan_banner", "mcb_banner_cyan"],
    "\uE234": ["mcb_light_blue_banner", "mcb_banner_light_blue"],
    "\uE235": ["mcb_blue_banner", "mcb_banner_blue"],
    "\uE236": ["mcb_purple_banner", "mcb_banner_purple"],
    "\uE237": ["mcb_magenta_banner", "mcb_banner_magenta"],
    "\uE238": ["mcb_pink_banner", "mcb_banner_pink"],
    "\uE239": ["mcb_grass_block"],
    "\uE23A": ["mcb_potzol"],
    "\uE23B": ["mcb_mycelium"],
    "\uE23C": ["mcb_dirt_path"],
    "\uE23D": ["mcb_dirt"],
    "\uE23E": ["mcb_coarse_dirt"],
    "\uE23F": ["mcb_rooted_dirt"],
    "\uE240": ["mcb_farmland"],
    "\uE241": ["mcb_farmland_wet"],
    "\uE242": ["mcb_mud"],
    "\uE243": ["mcb_clay"],
    "\uE244": ["mcb_gravel"],
    "\uE245": ["mcb_sand"],
    "\uE246": ["mcb_red_sand"],
    "\uE247": ["mcb_ice"],
    "\uE248": ["mcb_packed_ice"],
    "\uE249": ["mcb_blue_ice"],
    "\uE24A": ["mcb_snow_block"],
    "\uE24B": ["mcb_snow"],
    "\uE24C": ["mcb_moss_block"],
    "\uE24D": ["mcb_moss_carpet"],
    "\uE24E": ["mcb_pale_moss_block"],
    "\uE24F": ["mcb_pale_moss_carpet"],
    "\uE250": ["mcb_pale_hanging_moss"],
    "\uE251": ["mcb_calcite"],
    "\uE252": ["mcb_dripstone_block"],
    "\uE253": ["mcb_pointed_dripstone"],
    "\uE254": ["mcb_magma_block"],
    "\uE255": ["mcb_obsidian"],
    "\uE256": ["mcb_crying_obsidian"],
    "\uE257": ["mcb_crimson_nylium"],
    "\uE258": ["mcb_warped_nylium"],
    "\uE259": ["mcb_soul_sand"],
    "\uE25A": ["mcb_soul_soil"],
    "\uE25B": ["mcb_bone_block"],
    "\uE25C": ["mcb_coal_ore"],
    "\uE25D": ["mcb_deepslate_coal_ore"],
    "\uE25E": ["mcb_iron_ore"],
    "\uE25F": ["mcb_deepslate_iron_ore"],
    "\uE260": ["mcb_copper_ore"],
    "\uE261": ["mcb_deepslate_copper_ore"],
    "\uE262": ["mcb_gold_ore"],
    "\uE263": ["mcb_deepslate_gold_ore"],
    "\uE264": ["mcb_redstone_ore"],
    "\uE265": ["mcb_deepslate_redstone_ore"],
    "\uE266": ["mcb_emerald_ore"],
    "\uE267": ["mcb_deepslate_emerald_ore"],
    "\uE268": ["mcb_lapis_ore"],
    "\uE269": ["mcb_deepslate_lapis_ore"],
    "\uE26A": ["mcb_diamond_ore"],
    "\uE26B": ["mcb_deepslate_diamond_ore"],
    "\uE26C": ["mcb_nether_gold_ore"],
    "\uE26D": ["mcb_nether_quartz_ore"],
    "\uE26E": ["mcb_ancient_debris"],
    "\uE26F": ["mcb_raw_iron_block"],
    "\uE270": ["mcb_raw_copper_block"],
    "\uE271": ["mcb_raw_gold_block"],
    "\uE272": ["mcb_glowstone"],
    "\uE273": ["mcb_budding_amethyst"],
    "\uE274": ["mcb_small_amethyst_bud"],
    "\uE275": ["mcb_medium_amethyst_bud"],
    "\uE276": ["mcb_large_amethyst_bud"],
    "\uE277": ["mcb_amethyst_cluster"],
    "\uE278": ["mcb_mangrove_roots"],
    "\uE279": ["mcb_muddy_mangrove_roots"],
    "\uE27A": ["mcb_mushroom_stem"],
    "\uE27B": ["mcb_oak_leaves"],
    "\uE27C": ["mcb_spruce_leaves"],
    "\uE27D": ["mcb_birch_leaves"],
    "\uE27E": ["mcb_jungle_leaves"],
    "\uE27F": ["mcb_acacia_leaves"],
    "\uE280": ["mcb_dark_oak_leaves"],
    "\uE281": ["mcb_mangrove_leaves"],
    "\uE282": ["mcb_cherry_leaves"],
    "\uE283": ["mcb_pale_oak_leaves"],
    "\uE284": ["mcb_azalea_leaves"],
    "\uE285": ["mcb_flowering_azalea_leaves"],
    "\uE286": ["mcb_brown_mushroom_block"],
    "\uE287": ["mcb_red_mushroom_block"],
    "\uE288": ["mcb_nether_wart_block"],
    "\uE289": ["mcb_warped_wart_block"],
    "\uE28A": ["mcb_shroomlight"],
    "\uE28B": ["mcb_oak_sapling"],
    "\uE28C": ["mcb_spruce_sapling"],
    "\uE28D": ["mcb_birch_sapling"],
    "\uE28E": ["mcb_jungle_sapling"],
    "\uE28F": ["mcb_acacia_sapling"],
    "\uE290": ["mcb_dark_oak_sapling"],
    "\uE291": ["mcb_mangrove_propagule"],
    "\uE292": ["mcb_cherry_sapling"],
    "\uE293": ["mcb_pale_oak_sapling"],
    "\uE294": ["mcb_azalea"],
    "\uE295": ["mcb_flowering_azalea"],
    "\uE296": ["mcb_brown_mushroom"],
    "\uE297": ["mcb_red_mushroom"],
    "\uE298": ["mcb_crimson_fungus"],
    "\uE299": ["mcb_warped_fungus"],
    "\uE29A": ["mcb_short_grass"],
    "\uE29B": ["mcb_fern"],
    "\uE29C": ["mcb_short_dry_grass"],
    "\uE29D": ["mcb_bush"],
    "\uE29E": ["mcb_dead_bush"],
    "\uE29F": ["mcb_dandilion"],
    "\uE2A0": ["mcb_poppy"],
    "\uE2A1": ["mcb_blue_orchid"],
    "\uE2A2": ["mcb_allium"],
    "\uE2A3": ["mcb_azure_bluet"],
    "\uE2A4": ["mcb_red_tulip"],
    "\uE2A5": ["mcb_orange_tulip"],
    "\uE2A6": ["mcb_white_tulip"],
    "\uE2A7": ["mcb_pink_tulip"],
    "\uE2A8": ["mcb_oxeye_daisy"],
    "\uE2A9": ["mcb_cornflower"],
    "\uE2AA": ["mcb_lily_of_the_valley"],
    "\uE2AB": ["mcb_torchflower"],
    "\uE2AC": ["mcb_cactus_flower"],
    "\uE2AD": ["mcb_closed_eyeblossom"],
    "\uE2AE": ["mcb_open_eyeblossom"],
    "\uE2AF": ["mcb_wither_rose"],
    "\uE2B0": ["mcb_pink_petals"],
    "\uE2B1": ["mcb_wildflowers"],
    "\uE2B2": ["mcb_leaf_litter"],
    "\uE2B3": ["mcb_spore_blossom"],
    "\uE2B4": ["mcb_firefly_bush"],
    "\uE2B5": ["mcb_bamboo"],
    "\uE2B6": ["mcb_sugar_cane"],
    "\uE2B7": ["mcb_cactus"],
    "\uE2B8": ["mcb_crimson_roots"],
    "\uE2B9": ["mcb_warped_roots"],
    "\uE2BA": ["mcb_nether_sprouts"],
    "\uE2BB": ["mcb_weeping_vines"],
    "\uE2BC": ["mcb_twisting_vines"],
    "\uE2BD": ["mcb_vine"],
    "\uE2BE": ["mcb_tall_grass"],
    "\uE2BF": ["mcb_large_fern"],
    "\uE2C0": ["mcb_tall_dry_grass"],
    "\uE2C1": ["mcb_sunflower"],
    "\uE2C2": ["mcb_lilac"],
    "\uE2C3": ["mcb_rose_bush"],
    "\uE2C4": ["mcb_peony"],
    "\uE2C5": ["mcb_pitcher_plant"],
    "\uE2C6": ["mcb_big_dripleaf"],
    "\uE2C7": ["mcb_small_dripleaf"],
    "\uE2C8": ["mcb_chorus_plant"],
    "\uE2C9": ["mcb_chorus_flower"],
    "\uE2CA": ["mcb_glow_lichen"],
    "\uE2CB": ["mcb_hanging_roots"],
    "\uE2CC": ["mcb_frogspawn"],
    "\uE2CD": ["mcb_turtle_egg"],
    "\uE2CE": ["mcb_sniffer_egg"],
    "\uE2CF": ["mcb_wheat_seeds"],
    "\uE2D0": ["mcb_cocoa_beans"],
    "\uE2D1": ["mcb_pumpkin_seeds"],
    "\uE2D2": ["mcb_melon_seeds"],
    "\uE2D3": ["mcb_beetroot_seeds"],
    "\uE2D4": ["mcb_torchflower_seeds"],
    "\uE2D5": ["mcb_pitcher_pod"],
    "\uE2D6": ["mcb_glow_berries"],
    "\uE2D7": ["mcb_sweet_berries"],
    "\uE2D8": ["mcb_nether_wart"],
    "\uE2D9": ["mcb_lily_pad"],
    "\uE2DA": ["mcb_seagrass"],
    "\uE2DB": ["mcb_sea_pickle"],
    "\uE2DC": ["mcb_kelp"],
    "\uE2DD": ["mcb_dried_kelp_block"],
    "\uE2DE": ["mcb_tube_coral_block"],
    "\uE2DF": ["mcb_brain_coral_block"],
    "\uE2E0": ["mcb_bubble_coral_block"],
    "\uE2E1": ["mcb_fire_coral_block"],
    "\uE2E2": ["mcb_horn_coral_block"],
    "\uE2E3": ["mcb_dead_tube_coral_block"],
    "\uE2E4": ["mcb_dead_brain_coral_block"],
    "\uE2E5": ["mcb_dead_bubble_coral_block"],
    "\uE2E6": ["mcb_dead_fire_coral_block"],
    "\uE2E7": ["mcb_dead_horn_coral_block"],
    "\uE2E8": ["mcb_tube_coral"],
    "\uE2E9": ["mcb_brain_coral"],
    "\uE2EA": ["mcb_bubble_coral"],
    "\uE2EB": ["mcb_fire_coral"],
    "\uE2EC": ["mcb_horn_coral"],
    "\uE2ED": ["mcb_dead_tube_coral"],
    "\uE2EE": ["mcb_dead_brain_coral"],
    "\uE2EF": ["mcb_dead_bubble_coral"],
    "\uE2F0": ["mcb_dead_fire_coral"],
    "\uE2F1": ["mcb_dead_horn_coral"],
    "\uE2F2": ["mcb_tube_coral_fan"],
    "\uE2F3": ["mcb_brain_coral_fan"],
    "\uE2F4": ["mcb_bubble_coral_fan"],
    "\uE2F5": ["mcb_fire_coral_fan"],
    "\uE2F6": ["mcb_horn_coral_fan"],
    "\uE2F7": ["mcb_dead_tube_coral_fan"],
    "\uE2F8": ["mcb_dead_brain_coral_fan"],
    "\uE2F9": ["mcb_dead_bubble_coral_fan"],
    "\uE2FA": ["mcb_dead_fire_coral_fan"],
    "\uE2FB": ["mcb_dead_horn_coral_fan"],
    "\uE2FC": ["mcb_sponge"],
    "\uE2FD": ["mcb_wet_sponge"],
    "\uE2FE": ["mcb_melon"],
    "\uE2FF": ["mcb_pumpkin"],
    "\uE300": ["mcb_carved_pumpkin"],
    "\uE301": ["mcb_jack_o_lantern"],
    "\uE302": ["mcb_hay_block"],
    "\uE303": ["mcb_bee_nest"],
    "\uE304": ["mcb_honeycomb_block"],
    "\uE305": ["mcb_slime_block"],
    "\uE306": ["mcb_honey_block"],
    "\uE307": ["mcb_resin_block"],
    "\uE308": ["mcb_ochre_froglight"],
    "\uE309": ["mcb_verdant_froglight"],
    "\uE30A": ["mcb_pearlescent_froglight"],
    "\uE30B": ["mcb_sculk"],
    "\uE30C": ["mcb_sculk_vein"],
    "\uE30D": ["mcb_sculk_catalyst"],
    "\uE30E": ["mcb_sculk_shrieker"],
    "\uE30F": ["mcb_sculk_sensor"],
    "\uE310": ["mcb_cobweb"],
    "\uE311": ["mcb_bedrock"],
    "\uE312": ["mcb_torch"],
    "\uE313": ["mcb_soul_torch"],
    "\uE314": ["mcb_redstone_torch"],
    "\uE315": ["mcb_redstone_torch_unlit"],
    "\uE316": ["mcb_lantern"],
    "\uE317": ["mcb_soul_lantern"],
    "\uE318": ["mcb_end_rod"],
    "\uE319": ["mcb_redstone_lamp"],
    "\uE31A": ["mcb_redstone_lamp_lit"],
    "\uE31B": ["mcb_crafting_table"],
    "\uE31C": ["mcb_crafting_table_top"],
    "\uE31D": ["mcb_stonecutter"],
    "\uE31E": ["mcb_cartography_table"],
    "\uE31F": ["mcb_fletching_table"],
    "\uE320": ["mcb_smithing_table"],
    "\uE321": ["mcb_grindstone"],
    "\uE322": ["mcb_loom"],
    "\uE323": ["mcb_furnace"],
    "\uE324": ["mcb_furnace_lit"],
    "\uE325": ["mcb_smoker"],
    "\uE326": ["mcb_smoker_lit"],
    "\uE327": ["mcb_blast_furnace"],
    "\uE328": ["mcb_blast_furnace_lit"],
    "\uE329": ["mcb_campfire"],
    "\uE32A": ["mcb_soul_campfire"],
    "\uE32B": ["mcb_anvil"],
    "\uE32C": ["mcb_chipped_anvil"],
    "\uE32D": ["mcb_damaged_anvil"],
    "\uE32E": ["mcb_composter"],
    "\uE32F": ["mcb_note_block"],
    "\uE330": ["mcb_jukebox"],
    "\uE331": ["mcb_enchanting_table"],
    "\uE332": ["mcb_end_crystal"],
    "\uE333": ["mcb_brewing_stand"],
    "\uE334": ["mcb_cauldron"],
    "\uE335": ["mcb_bell"],
    "\uE336": ["mcb_beacon"],
    "\uE337": ["mcb_conduit"],
    "\uE338": ["mcb_lodestone"],
    "\uE339": ["mcb_ladder"],
    "\uE33A": ["mcb_scaffolding"],
    "\uE33B": ["mcb_beehive"],
    "\uE33C": ["mcb_suspicious_sand"],
    "\uE33D": ["mcb_suspicious_gravel"],
    "\uE33E": ["mcb_lightning_rod"],
    "\uE33F": ["mcb_flower_pot"],
    "\uE340": ["mcb_decorated_pot"],
    "\uE341": ["mcb_bookshelf"],
    "\uE342": ["mcb_chiseled_bookshelf"],
    "\uE343": ["mcb_lectern"],
    "\uE344": ["mcb_oak_sign"],
    "\uE345": ["mcb_oak_hanging_sign"],
    "\uE346": ["mcb_spruce_sign"],
    "\uE347": ["mcb_spruce_hanging_sign"],
    "\uE348": ["mcb_birch_sign"],
    "\uE349": ["mcb_birch_hanging_sign"],
    "\uE34A": ["mcb_jungle_sign"],
    "\uE34B": ["mcb_jungle_hanging_sign"],
    "\uE34C": ["mcb_acacia_sign"],
    "\uE34D": ["mcb_acacia_hanging_sign"],
    "\uE34E": ["mcb_dark_oak_sign"],
    "\uE34F": ["mcb_dark_oak_hanging_sign"],
    "\uE350": ["mcb_mangrove_sign"],
    "\uE351": ["mcb_mangrove_hanging_sign"],
    "\uE352": ["mcb_cherry_sign"],
    "\uE353": ["mcb_cherry_hanging_sign"],
    "\uE354": ["mcb_pale_oak_sign"],
    "\uE355": ["mcb_pale_oak_hanging_sign"],
    "\uE356": ["mcb_bamboo_sign"],
    "\uE357": ["mcb_bamboo_hanging_sign"],
    "\uE358": ["mcb_crimson_sign"],
    "\uE359": ["mcb_crimson_hanging_sign"],
    "\uE35A": ["mcb_warped_sign"],
    "\uE35B": ["mcb_warped_hanging_sign"],
    "\uE35C": ["mcb_chest"],
    "\uE35D": ["mcb_barrel"],
    "\uE35E": ["mcb_ender_chest"],
    "\uE35F": ["mcb_respawn_anchor"],
    "\uE360": ["mcb_ominous_banner"],
    "\uE361": ["mcb_dragon_egg"],
    "\uE362": ["mcb_end_portal_frame"],
    "\uE363": ["mcb_vault"],
    "\uE364": ["mcb_vault_ominous"],
    "\uE365": ["mcb_redstone"],
    "\uE366": ["mcb_repeater"],
    "\uE367": ["mcb_comparator"],
    "\uE368": ["mcb_target"],
    "\uE369": ["mcb_lever"],
    "\uE36A": ["mcb_calibrated_skulk_sensor"],
    "\uE36B": ["mcb_tripwire_hook"],
    "\uE36C": ["mcb_string"],
    "\uE36D": ["mcb_daylight_detector"],
    "\uE36E": ["mcb_piston"],
    "\uE36F": ["mcb_sticky_piston"],
    "\uE370": ["mcb_dispenser"],
    "\uE371": ["mcb_dropper"],
    "\uE372": ["mcb_crafter"],
    "\uE373": ["mcb_crafter_top"],
    "\uE374": ["mcb_hopper"],
    "\uE375": ["mcb_trapped_chest"],
    "\uE376": ["mcb_observer"],
    "\uE377": ["mcb_rail"],
    "\uE378": ["mcb_powered_rail"],
    "\uE379": ["mcb_detector_rail"],
    "\uE37A": ["mcb_activator_rail"],
    "\uE37B": ["mcb_tnt"],
    "\uE37C": ["mcb_cake"],
    "\uE37D": ["mcb_cake_heavy_core"],
    "\uE37E": ["mcb_spawner"],
    "\uE37F": ["mcb_trial_spawner"],
    "\uE380": ["mcb_trial_spawner_ominous"],
    "\uE381": ["mcb_creaking_heart"],
    "\uE382": ["mcb_creaking_heart_awake"],
    "\uE383": ["mcb_command_block"],
    "\uE384": ["mcb_chain_command_block"],
    "\uE385": ["mcb_repeating_command_block"],
    "\uE386": ["mcb_jigsaw"],
    "\uE387": ["mcb_structure_block"],
    "\uE388": ["mcb_structure_void"],
    "\uE389": ["mcb_barrier"],
    "\uE38A": ["mcb_test_instance_block"],
    "\uE38B": ["mcb_test_block", "mcb_test_block_start"],
    "\uE38C": ["mcb_test_block_log"],
    "\uE38D": ["mcb_test_block_fail"],
    "\uE38E": ["mcb_test_block_accept"],
    "\uE38F": ["mcb_light", "mcb_light_15"],
    "\uE390": ["mcb_light_14"],
    "\uE391": ["mcb_light_13"],
    "\uE392": ["mcb_light_12"],
    "\uE393": ["mcb_light_11"],
    "\uE394": ["mcb_light_10"],
    "\uE395": ["mcb_light_9"],
    "\uE396": ["mcb_light_8"],
    "\uE397": ["mcb_light_7"],
    "\uE398": ["mcb_light_6"],
    "\uE399": ["mcb_light_5"],
    "\uE39A": ["mcb_light_4"],
    "\uE39B": ["mcb_light_3"],
    "\uE39C": ["mcb_light_2"],
    "\uE39D": ["mcb_light_1"],
    "\uE39E": ["mcb_light_0"],
    "\uE39F": ["mcb_dried_ghast"],
    "\u0000": [],
    "\u0000": [],
    "\u0000": [],
    "\u0000": [],
    "\u0000": [],
    "\u0000": [],
    "\u0000": [],
    "\u0000": [],
    "\u0000": [],
    "\u0000": [],
    "\u0000": [],
    "\u0000": [],
    "\u0000": [],
    "\u0000": [],
    "\u0000": [],
    "\u0000": [],
    "\u0000": [],
    "\u0000": [],
    "\u0000": [],
    "\u0000": [],
    "\u0000": [],
    "\u0000": [],
    "\u0000": [],
    "\u0000": [],
    "\u0000": [],
    "\u0000": [],
    "\u0000": [],
    "\u0000": [],
    "\u0000": [],
    "\u0000": [],
    "\u0000": [],
    "\u0000": [],
    "\u0000": [],
    "\u0000": [],
    "\u0000": [],
    "\u0000": [],
    "\u0000": [],
    "\u0000": [],
    "\u0000": [],
    "\u0000": [],
    "\u0000": [],
    "\u0000": [],
    "\u0000": [],
    "\u0000": [],
    "\u0000": [],
    "\u0000": [],
    "\u0000": [],
    "\u0000": [],
    "\u0000": [],
    "\u0000": [],
    "\u0000": [],
    "\u0000": [],
    "\u0000": [],
    "\u0000": [],
    "\u0000": [],
    "\u0000": [],
    "\u0000": [],
    "\u0000": [],
    "\u0000": [],
    "\u0000": [],
    "\u0000": [],
    "\u0000": [],
    "\u0000": [],
    "\u0000": [],
    "\u0000": [],
    "\u0000": [],
    "\u0000": [],
    "\u0000": [],
    "\u0000": [],
    "\u0000": [],
    "\u0000": [],
    "\u0000": [],
    "\u0000": [],
    "\u0000": [],
    "\u0000": [],
    "\u0000": [],
    "\u0000": [],
    "\u0000": [],
    "\u0000": [],
    "\u0000": [],
    "\u0000": [],
    "\u0000": [],
    "\u0000": [],
    "\u0000": [],
    "\u0000": [],
    "\u0000": [],
    "\u0000": [],
    "\u0000": [],
    "\u0000": [],
    "\u0000": [],
    "\u0000": [],
    "\u0000": [],
    "\u0000": [],
    "\u0000": [],
    "\u0000": [],
    "\u0000": []
  }
}