{
  "blacklist": "",
  "emojis": {
    "\uE000": ["mcm_allay"],
    "\uE001": ["mcm_armadillo"],
    "\uE002": ["mcm_axolotl"],
    "\uE003": ["mcm_bat"],
    "\uE004": ["mcm_camel"],
    "\uE005": ["mcm_cat"],
    "\uE006": ["mcm_chicken"],
    "\uE007": ["mcm_cod"],

    "\uE008": ["mcm_cow"],
    "\uE009": ["mcm_donkey"],
    "\uE00A": ["mcm_frog"],
    "\uE00B": ["mcm_glow_squid", "mcm_gsquid"],
    "\uE00C": ["mcm_happy_ghast", "mcm_friendly_ghast"],
    "\uE00D": ["mcm_horse", "mcm_honse"],
    "\uE00E": ["mcm_mooshroom", "mcm_mushroom_cow"],
    "\uE00F": ["mcm_mule"],

    "\uE010": ["mcm_ocelot"],
    "\uE011": ["mcm_parrot"],
    "\uE012": ["mcm_pig", "mcm_techno"],
    "\uE013": ["mcm_pufferfish"],
    "\uE014": ["mcm_rabbit", "mcm_bunny"],
    "\uE015": ["mcm_salmon"],
    "\uE016": ["mcm_sheep", "mcm_lamb"],
    "\uE017": ["mcm_skeleton_horse", "mcm_skeleton_honse"],

    "\uE018": ["mcm_sniffer"],
    "\uE019": ["mcm_snow_golem"],
    "\uE01A": ["mcm_squid"],
    "\uE01B": ["mcm_strider"],
    "\uE01C": ["mcm_tadpole"],
    "\uE01D": ["mcm_tropical_fish"],
    "\uE01E": ["mcm_turtle", "mcm_tutel"],
    "\uE01F": ["mcm_villager"],

    "\uE020": ["mcm_wandering_trader"],
    "\uE021": ["mcm_zombie_horse"],
    "\uE022": ["mcm_bee"],
    "\uE023": ["mcm_cave_soider"],
    "\uE024": ["mcm_dolphin"],
    "\uE025": ["mcm_drowned"],
    "\uE026": ["mcm_enderman"],
    "\uE027": ["mcm_fox", "mcm_fop"],

    "\uE028": ["mcm_goat"],
    "\uE029": ["mcm_iron_golem"],
    "\uE02A": ["mcm_llama"],
    "\uE02B": ["mcm_panda", "mcm_po"],
    "\uE02C": ["mcm_piglin", "mcb_piglin_head"],
    "\uE02D": ["mcm_polar_bear", "mcm_bear"],
    "\uE02E": ["mcm_spider"],
    "\uE02F": ["mcm_trader_llama"],

    "\uE030": ["mcm_wolf", "mcm_dog"],
    "\uE031": ["mcm_zombified_piglin"],
    "\uE032": ["mcm_blaze"],
    "\uE033": ["mcm_bogged"],
    "\uE034": ["mcm_breeze"],
    "\uE035": ["mcm_creaking"],
    "\uE036": ["mcm_creeper", "mcb_creeper_head"],
    "\uE037": ["mcm_elder_guardian"],

    "\uE038": ["mcm_endermite"],
    "\uE039": ["mcm_evoker"],
    "\uE03A": ["mcm_ghast", "mcm_evil_ghast", "mcm_angry_ghast"],
    "\uE03B": ["mcm_guardian"],
    "\uE03C": ["mcm_hoglin", "mcm_big_pig"],
    "\uE03D": ["mcm_husk"],
    "\uE03E": ["mcm_illusioner"],
    "\uE03F": ["mcm_magma_cube"],

    "\uE040": ["mcm_phantom", "mcm_king_von"],
    "\uE041": ["mcm_piglin_brute"],
    "\uE042": ["mcm_pillager"],
    "\uE043": ["mcm_ravager"],
    "\uE044": ["mcm_shulker"],
    "\uE045": ["mcm_silverfish"],
    "\uE046": ["mcm_skeleton", "mcb_skeleton_skull"],
    "\uE047": ["mcm_slime"],

    "\uE048": ["mcm_stray"],
    "\uE049": ["mcm_vex"],
    "\uE04A": ["mcm_vindicator"],
    "\uE04B": ["mcm_warden"],
    "\uE04C": ["mcm_witch"],
    "\uE04D": ["mcm_wither_skeleton", "mcm_wither_jr", "mcb_wither_skeleton_skull"],
    "\uE04E": ["mcm_zoglin", "mcm_zombie_hoglin"],
    "\uE04F": ["mcm_zombie", "mcm_baby_zombie", "mcb_zombie_head"],

    "\uE050": ["mcm_zombie_villager"],
    "\uE051": ["mcm_ender_dragon", "mcm_dragon", "mcb_dragon_head"],
    "\uE052": ["mcm_wither"],
    "\uE053": ["mcm_player", "mcm_steve", "mcb_player_head"],
    "\u0000": [],
    "\u0000": [],
    "\u0000": [],
    "\u0000": []
  }
}