{
  "blacklist": "",
  "emojis": {
    "\uE000": ["mci_armor_stand"],
    "\uE001": ["mci_item_frame"],
    "\uE002": ["mci_glow_item_frame"],
    "\uE003": ["mci_painting"],
    "\uE004": ["mci_minecart"],
    "\uE005": ["mci_hopper_minecart"],
    "\uE006": ["mci_chest_minecart"],
    "\uE007": ["mci_furnace_minecart"],
    "\uE008": ["mci_tnt_minecart"],
    "\uE009": ["mci_wooden_shovel"],
    "\uE00A": ["mci_wooden_pickaxe"],
    "\uE00B": ["mci_wooden_axe"],
    "\uE00C": ["mci_wooden_hoe"],
    "\uE00D": ["mci_stone_shovel"],
    "\uE00E": ["mci_stone_pickaxe"],
    "\uE00F": ["mci_stone_axe"],
    "\uE010": ["mci_stone_hoe"],
    "\uE011": ["mci_iron_shovel"],
    "\uE012": ["mci_iron_pickaxe"],
    "\uE013": ["mci_iron_axe"],
    "\uE014": ["mci_iron_hoe"],
    "\uE015": ["mci_golden_shovel"],
    "\uE016": ["mci_golden_pickaxe"],
    "\uE017": ["mci_golden_axe"],
    "\uE018": ["mci_golden_hoe"],
    "\uE019": ["mci_diamond_shovel"],
    "\uE01A": ["mci_diamond_pickaxe"],
    "\uE01B": ["mci_diamond_axe"],
    "\uE01C": ["mci_diamond_hoe"],
    "\uE01D": ["mci_netherite_shovel"],
    "\uE01E": ["mci_netherite_pickaxe"],
    "\uE01F": ["mci_netherite_axe"],
    "\uE020": ["mci_netherite_hoe"],
    "\uE021": ["mci_bucket"],
    "\uE022": ["mci_water_bucket"],
    "\uE023": ["mci_cod_bucket", "mci_bucket_of_cod"],
    "\uE024": ["mci_salmon_bucket", "mci_bucket_of_salmon"],
    "\uE025": ["mci_tropical_fish_bucket", "mci_bucket_of_tropical_fish"],
    "\uE026": ["mci_pufferfish_bucket", "mci_bucket_of_pufferfish"],
    "\uE027": ["mci_axolotl_bucket", "mci_bucket_of_axolotl"],
    "\uE028": ["mci_tadpole_bucket", "mci_bucket_of_tadpole"],
    "\uE029": ["mci_lava_bucket"],
    "\uE02A": ["mci_powder_snow_bucket"],
    "\uE02B": ["mci_milk_bucket"],
    "\uE02C": ["mci_fishing_rod"],
    "\uE02D": ["mci_flint_and_steel"],
    "\uE02E": ["mci_fire_charge"],
    "\uE02F": ["mci_bone_meal"],
    "\uE030": ["mci_shears"],
    "\uE031": ["mci_brush"],
    "\uE032": ["mci_name_tag"],
    "\uE033": ["mci_lead"],
    "\uE034": ["mci_bundle"],
    "\uE035": ["mci_white_bundle", "mci_bundle_white"],
    "\uE036": ["mci_light_gray_bundle", "mci_bundle_light_gray"],
    "\uE037": ["mci_gray_bundle", "mci_bundle_gray"],
    "\uE038": ["mci_black_bundle", "mci_bundle_black"],
    "\uE039": ["mci_brown_bundle", "mci_bundle_brown"],
    "\uE03A": ["mci_red_bundle", "mci_bundle_red"],
    "\uE03B": ["mci_orange_bundle", "mci_bundle_orange"],
    "\uE03C": ["mci_yellow_bundle", "mci_bundle_yellow"],
    "\uE03D": ["mci_light_green_bundle", "mci_bundle_light_green"],
    "\uE03E": ["mci_green_bundle", "mci_bundle_green"],
    "\uE03F": ["mci_cyan_bundle", "mci_bundle_cyan"],
    "\uE040": ["mci_light_blue_bundle", "mci_bundle_light_blue"],
    "\uE041": ["mci_blue_bundle", "mci_bundle_blue"],
    "\uE042": ["mci_purple_bundle", "mci_bundle_purple"],
    "\uE043": ["mci_magenta_bundle", "mci_bundle_magenta"],
    "\uE044": ["mci_pink_bundle", "mci_bundle_pink"],
    "\uE045": ["mci_compass", "mci_compass_N"],
    "\uE046": ["mci_compass_NE"],
    "\uE047": ["mci_compass_E"],
    "\uE048": ["mci_compass_SE"],
    "\uE049": ["mci_compass_S"],
    "\uE04A": ["mci_compass_SW"],
    "\uE04B": ["mci_compass_W"],
    "\uE04C": ["mci_compass_NW"],
    "\uE04D": ["mci_recovery_compass", "mci_recovery_compass_N"],
    "\uE04E": ["mci_recovery_compass_NE"],
    "\uE04F": ["mci_recovery_compass_E"],
    "\uE050": ["mci_recovery_compass_SE"],
    "\uE051": ["mci_recovery_compass_S"],
    "\uE052": ["mci_recovery_compass_SW"],
    "\uE053": ["mci_recovery_compass_W"],
    "\uE054": ["mci_recovery_compass_NW"],
    "\uE055": ["mci_clock", "mci_clock_1"],
    "\uE056": ["mci_clock_2"],
    "\uE057": ["mci_clock_3"],
    "\uE058": ["mci_clock_4"],
    "\uE059": ["mci_clock_5"],
    "\uE05A": ["mci_clock_6"],
    "\uE05B": ["mci_clock_7"],
    "\uE05C": ["mci_clock_8"],
    "\uE05D": ["mci_clock_9"],
    "\uE05E": ["mci_clock_10"],
    "\uE05F": ["mci_clock_11"],
    "\uE060": ["mci_clock_12"],
    "\uE061": ["mci_clock_13"],
    "\uE062": ["mci_clock_14"],
    "\uE063": ["mci_clock_15"],
    "\uE064": ["mci_clock_16"],
    "\uE065": ["mci_spyglass"],
    "\uE066": ["mci_map"],
    "\uE067": ["mci_writable_book", "mci_book_and_quill"],
    "\uE068": ["mci_wind_charge"],
    "\uE069": ["mci_ender_pearl"],
    "\uE06A": ["mci_ender_eye", "mci_eye_of_ender"],
    "\uE06B": ["mci_elytra"],
    "\uE06C": ["mci_elytra_damaged"],
    "\uE06D": ["mci_firework_rocket"],
    "\uE06E": ["mci_saddle"],
    "\uE06F": ["mci_white_harness", "mci_harness_white"],
    "\uE070": ["mci_light_gray_harness", "mci_harness_light_gray"],
    "\uE071": ["mci_gray_harness", "mci_harness_gray"],
    "\uE072": ["mci_black_harness", "mci_harness_black"],
    "\uE073": ["mci_brown_harness", "mci_harness_brown"],
    "\uE074": ["mci_red_harness", "mci_harness_red"],
    "\uE075": ["mci_orange_harness", "mci_harness_orange"],
    "\uE076": ["mci_yellow_harness", "mci_harness_yellow"],
    "\uE077": ["mci_light_green_harness", "mci_harness_light_green"],
    "\uE078": ["mci_green_harness", "mci_harness_green"],
    "\uE079": ["mci_cyan_harness", "mci_harness_cyan"],
    "\uE07A": ["mci_light_blue_harness", "mci_harness_light_blue"],
    "\uE07B": ["mci_blue_harness", "mci_harness_blue"],
    "\uE07C": ["mci_purple_harness", "mci_harness_purple"],
    "\uE07D": ["mci_magenta_harness", "mci_harness_magenta"],
    "\uE07E": ["mci_pink_harness", "mci_harness_pink"],
    "\uE07F": ["mci_carrot_on_a_stick"],
    "\uE080": ["mci_warped_fungus_on_a_stick"],
    "\uE081": ["mci_oak_boat"],
    "\uE082": ["mci_oak_chest_boat"],
    "\uE083": ["mci_spruce_boat"],
    "\uE084": ["mci_spruce_chest_boat"],
    "\uE085": ["mci_birch_boat"],
    "\uE086": ["mci_birch_chest_boat"],
    "\uE087": ["mci_jungle_boat"],
    "\uE088": ["mci_jungle_chest_boat"],
    "\uE089": ["mci_acacia_boat"],
    "\uE08A": ["mci_acacia_chest_boat"],
    "\uE08B": ["mci_dark_oak_boat"],
    "\uE08C": ["mci_dark_oak_chest_boat"],
    "\uE08D": ["mci_mangrove_boat"],
    "\uE08E": ["mci_mangrove_chest_boat"],
    "\uE08F": ["mci_cherry_boat"],
    "\uE090": ["mci_cherry_chest_boat"],
    "\uE091": ["mci_pale_oak_boat"],
    "\uE092": ["mci_pale_oak_chest_boat"],
    "\uE093": ["mci_bamboo_raft"],
    "\uE094": ["mci_bamboo_chest_raft"],
    "\uE095": ["mci_goat_horn"],
    "\uE096": ["mci_music_13", "mci_music_disc_13"],
    "\uE097": ["mci_music_cat", "mci_music_disc_cat"],
    "\uE098": ["mci_music_blocks", "mci_music_disc_blocks"],
    "\uE099": ["mci_music_chirp", "mci_music_disc_chirp"],
    "\uE09A": ["mci_music_far", "mci_music_disc_far"],
    "\uE09B": ["mci_music_mall", "mci_music_disc_mall"],
    "\uE09C": ["mci_music_mellohi", "mci_music_disc_mellohi"],
    "\uE09D": ["mci_music_stal", "mci_music_disc_stal"],
    "\uE09E": ["mci_music_strad", "mci_music_disc_strad"],
    "\uE09F": ["mci_music_ward", "mci_music_disc_ward"],
    "\uE0A0": ["mci_music_11", "mci_music_disc_11"],
    "\uE0A1": ["mci_music_creator_music_box", "mci_music_disc_creator_music_box"],
    "\uE0A2": ["mci_music_wait", "mci_music_disc_wait"],
    "\uE0A3": ["mci_music_creator", "mci_music_disc_creator"],
    "\uE0A4": ["mci_music_precipice", "mci_music_disc_precipice"],
    "\uE0A5": ["mci_music_otherside", "mci_music_disc_otherside"],
    "\uE0A6": ["mci_music_relic", "mci_music_disc_relic"],
    "\uE0A7": ["mci_music_5", "mci_music_disc_5"],
    "\uE0A8": ["mci_music_pigstep", "mci_music_disc_pigstep"],
    "\uE0A9": ["mci_music_tears", "mci_music_disc_tears"],
    "\uE0AA": ["mci_music_disc_lava_chicken"],
    "\uE0AB": ["mci_wooden_sword"],
    "\uE0AC": ["mci_stone_sword"],
    "\uE0AD": ["mci_iron_sword"],
    "\uE0AE": ["mci_golden_sword"],
    "\uE0AF": ["mci_diamond_sword"],
    "\uE0B0": ["mci_netherite_sword"],
    "\uE0B1": ["mci_trident"],
    "\uE0B2": ["mci_mace"],
    "\uE0B3": ["mci_shield"],
    "\uE0B4": ["mci_leather_helmet"],
    "\uE0B5": ["mci_leather_chestplate"],
    "\uE0B6": ["mci_leather_leggings"],
    "\uE0B7": ["mci_leather_boots"],
    "\uE0B8": ["mci_chainmail_helmet"],
    "\uE0B9": ["mci_chainmail_chestplate"],
    "\uE0BA": ["mci_chainmail_leggings"],
    "\uE0BB": ["mci_chainmail_boots"],
    "\uE0BC": ["mci_iron_helmet"],
    "\uE0BD": ["mci_iron_chestplate"],
    "\uE0BE": ["mci_iron_leggings"],
    "\uE0BF": ["mci_iron_boots"],
    "\uE0C0": ["mci_golden_helmet"],
    "\uE0C1": ["mci_golden_chestplate"],
    "\uE0C2": ["mci_golden_leggings"],
    "\uE0C3": ["mci_golden_boots"],
    "\uE0C4": ["mci_diamond_helmet"],
    "\uE0C5": ["mci_diamond_chestplate"],
    "\uE0C6": ["mci_diamond_leggings"],
    "\uE0C7": ["mci_diamond_boots"],
    "\uE0C8": ["mci_netherite_helmet"],
    "\uE0C9": ["mci_netherite_chestplate"],
    "\uE0CA": ["mci_netherite_leggings"],
    "\uE0CB": ["mci_netherite_boots"],
    "\uE0CC": ["mci_turtle_helmet"],
    "\uE0CD": ["mci_leather_horse_armor"],
    "\uE0CE": ["mci_iron_horse_armor"],
    "\uE0CF": ["mci_golden_horse_armor"],
    "\uE0D0": ["mci_diamond_horse_armor"],
    "\uE0D1": ["mci_wolf_armor"],
    "\uE0D2": ["mci_totem_of_undying"],
    "\uE0D3": ["mci_snowball"],
    "\uE0D4": ["mci_egg"],
    "\uE0D5": ["mci_brown_egg", "mci_egg_brown"],
    "\uE0D6": ["mci_blue_egg", "mci_egg_blue"],
    "\uE0D7": ["mci_bow"],
    "\uE0D8": ["mci_crossbow"],
    "\uE0D9": ["mci_arrow"],
    "\uE0DA": ["mci_spectral_arrow"],
    "\uE0DB": ["mci_tipped_arrow"],
    "\uE0DC": ["mci_tipped_arrow_night_vision"],
    "\uE0DD": ["mci_tipped_arrow_invisibility"],
    "\uE0DE": ["mci_tipped_arrow_jump_boost"],
    "\uE0DF": ["mci_tipped_arrow_fire_resistance"],
    "\uE0E0": ["mci_tipped_arrow_swiftness"],
    "\uE0E1": ["mci_tipped_arrow_slowness"],
    "\uE0E2": ["mci_tipped_arrow_turtle_master"],
    "\uE0E3": ["mci_tipped_arrow_water_breathing"],
    "\uE0E4": ["mci_tipped_arrow_instant_health"],
    "\uE0E5": ["mci_tipped_arrow_instant_damage"],
    "\uE0E6": ["mci_tipped_arrow_poison"],
    "\uE0E7": ["mci_tipped_arrow_regeneration"],
    "\uE0E8": ["mci_tipped_arrow_strength"],
    "\uE0E9": ["mci_tipped_arrow_weakness"],
    "\uE0EA": ["mci_tipped_arrow_luck"],
    "\uE0EB": ["mci_tipped_arrow_slow_falling"],
    "\uE0EC": ["mci_tipped_arrow_wind_charged"],
    "\uE0ED": ["mci_tipped_arrow_weaving"],
    "\uE0EE": ["mci_tipped_arrow_oozing"],
    "\uE0EF": ["mci_tipped_arrow_infested"],
    "\uE0F0": ["mci_apple"],
    "\uE0F1": ["mci_golden_apple"],
    "\uE0F2": ["mci_enchanted_golden_apple", "mci_notch_apple", "mci_god_apple"],
    "\uE0F3": ["mci_melon_slice"],
    "\uE0F4": ["mci_chorus_fruit"],
    "\uE0F5": ["mci_carrot"],
    "\uE0F6": ["mci_golden_carrot"],
    "\uE0F7": ["mci_potato"],
    "\uE0F8": ["mci_baked_potato"],
    "\uE0F9": ["mci_poisonous_potato"],
    "\uE0FA": ["mci_beetroot"],
    "\uE0FB": ["mci_dried_kelp"],
    "\uE0FC": ["mci_beef", "mci_raw_beef"],
    "\uE0FD": ["mci_cooked_beef"],
    "\uE0FE": ["mci_porkchop", "mci_raw_porkchop"],
    "\uE0FF": ["mci_cooked_porkchop"],
    "\uE100": ["mci_mutton", "mci_raw_mutton"],
    "\uE101": ["mci_cooked_mutton"],
    "\uE102": ["mci_chicken", "mci_raw_chicken"],
    "\uE103": ["mci_cooked_chicken"],
    "\uE104": ["mci_rabbit", "mci_raw_rabbit"],
    "\uE105": ["mci_cooked_rabbit"],
    "\uE106": ["mci_cod", "mci_raw_cod"],
    "\uE107": ["mci_cooked_cod"],
    "\uE108": ["mci_salmon", "mci_raw_salmon"],
    "\uE109": ["mci_cooked_salmon"],
    "\uE10A": ["mci_tropical_fish"],
    "\uE10B": ["mci_pufferfish"],
    "\uE10C": ["mci_bread"],
    "\uE10D": ["mci_cookie"],
    "\uE10E": ["mci_pumpkin_pie"],
    "\uE10F": ["mci_rotten_flesh"],
    "\uE110": ["mci_spider_eye"],
    "\uE111": ["mci_mushroom_stew"],
    "\uE112": ["mci_beetroot_soup"],
    "\uE113": ["mci_rabbit_stew"],
    "\uE114": ["mci_suspicious_stew"],
    "\uE115": ["mci_honey_bottle"],
    "\uE116": ["mci_ominous_bottle"],
    "\uE117": ["mci_potion", "mci_water_bottle"],
    "\uE118": ["mci_potion_night_vision"],
    "\uE119": ["mci_potion_invisibility"],
    "\uE11A": ["mci_potion_jump_boost"],
    "\uE11B": ["mci_potion_fire_resistance"],
    "\uE11C": ["mci_potion_swiftness"],
    "\uE11D": ["mci_potion_slowness"],
    "\uE11E": ["mci_potion_turtle_master"],
    "\uE11F": ["mci_potion_water_breathing"],
    "\uE120": ["mci_potion_instant_health"],
    "\uE121": ["mci_potion_instant_damage"],
    "\uE122": ["mci_potion_poison"],
    "\uE123": ["mci_potion_regeneration"],
    "\uE124": ["mci_potion_strength"],
    "\uE125": ["mci_potion_weakness"],
    "\uE126": ["mci_potion_luck"],
    "\uE127": ["mci_potion_slow_falling"],
    "\uE128": ["mci_potion_wind_charged"],
    "\uE129": ["mci_potion_weaving"],
    "\uE12A": ["mci_potion_oozing"],
    "\uE12B": ["mci_potion_infested"],
    "\uE12C": ["mci_splash_potion", "mci_splash_water_bottle"],
    "\uE12D": ["mci_splash_potion_night_vision"],
    "\uE12E": ["mci_splash_potion_invisibility"],
    "\uE12F": ["mci_splash_potion_jump_boost"],
    "\uE130": ["mci_splash_potion_fire_resistance"],
    "\uE131": ["mci_splash_potion_swiftness"],
    "\uE132": ["mci_splash_potion_slowness"],
    "\uE133": ["mci_splash_potion_turtle_master"],
    "\uE134": ["mci_splash_potion_water_breathing"],
    "\uE135": ["mci_splash_potion_instant_health"],
    "\uE136": ["mci_splash_potion_instant_damage"],
    "\uE137": ["mci_splash_potion_poison"],
    "\uE138": ["mci_splash_potion_regeneration"],
    "\uE139": ["mci_splash_potion_strength"],
    "\uE13A": ["mci_splash_potion_weakness"],
    "\uE13B": ["mci_splash_potion_luck"],
    "\uE13C": ["mci_splash_potion_slow_falling"],
    "\uE13D": ["mci_splash_potion_wind_charged"],
    "\uE13E": ["mci_splash_potion_weaving"],
    "\uE13F": ["mci_splash_potion_oozing"],
    "\uE140": ["mci_splash_potion_infested"],
    "\uE141": ["mci_lingering_potion", "mci_lingering_water_bottle"],
    "\uE142": ["mci_lingering_potion_night_vision"],
    "\uE143": ["mci_lingering_potion_invisibility"],
    "\uE144": ["mci_lingering_potion_jump_boost"],
    "\uE145": ["mci_lingering_potion_fire_resistance"],
    "\uE146": ["mci_lingering_potion_swiftness"],
    "\uE147": ["mci_lingering_potion_slowness"],
    "\uE148": ["mci_lingering_potion_turtle_master"],
    "\uE149": ["mci_lingering_potion_water_breathing"],
    "\uE14A": ["mci_lingering_potion_instant_health"],
    "\uE14B": ["mci_lingering_potion_instant_damage"],
    "\uE14C": ["mci_lingering_potion_poison"],
    "\uE14D": ["mci_lingering_potion_regeneration"],
    "\uE14E": ["mci_lingering_potion_strength"],
    "\uE14F": ["mci_lingering_potion_weakness"],
    "\uE150": ["mci_lingering_potion_luck"],
    "\uE151": ["mci_lingering_potion_slow_falling"],
    "\uE152": ["mci_lingering_potion_wind_charged"],
    "\uE153": ["mci_lingering_potion_weaving"],
    "\uE154": ["mci_lingering_potion_oozing"],
    "\uE155": ["mci_lingering_potion_infested"],
    "\uE156": ["mci_coal"],
    "\uE157": ["mci_charcoal"],
    "\uE158": ["mci_raw_iron"],
    "\uE159": ["mci_raw_copper"],
    "\uE15A": ["mci_raw_gold"],
    "\uE15B": ["mci_emerald"],
    "\uE15C": ["mci_lapis_lazuli"],
    "\uE15D": ["mci_diamond"],
    "\uE15E": ["mci_quartz"],
    "\uE15F": ["mci_amethyst_shard"],
    "\uE160": ["mci_iron_nugget"],
    "\uE161": ["mci_gold_nugget"],
    "\uE162": ["mci_iron_ingot"],
    "\uE163": ["mci_copper_ingot"],
    "\uE164": ["mci_gold_ingot"],
    "\uE165": ["mci_netherite_scrap"],
    "\uE166": ["mci_netherite_ingot"],
    "\uE167": ["mci_stick"],
    "\uE168": ["mci_flint"],
    "\uE169": ["mci_wheat"],
    "\uE16A": ["mci_bone"],
    "\uE16B": ["mci_feather"],
    "\uE16C": ["mci_leather"],
    "\uE16D": ["mci_rabbit_hide"],
    "\uE16E": ["mci_honeycomb"],
    "\uE16F": ["mci_resin_clump"],
    "\uE170": ["mci_ink_sac"],
    "\uE171": ["mci_glow_ink_sac"],
    "\uE172": ["mci_turtle_scute"],
    "\uE173": ["mci_armadillo_scute"],
    "\uE174": ["mci_slime_ball"],
    "\uE175": ["mci_clay_ball"],
    "\uE176": ["mci_prismarine_shard"],
    "\uE177": ["mci_prismarine_crystals"],
    "\uE178": ["mci_nautilus_shell"],
    "\uE179": ["mci_heart_of_the_sea"],
    "\uE17A": ["mci_blaze_rod"],
    "\uE17B": ["mci_breeze_rod"],
    "\uE17C": ["mci_nether_star"],
    "\uE17D": ["mci_shulker_shell"],
    "\uE17E": ["mci_popped_chorus_fruit"],
    "\uE17F": ["mci_echo_shard"],
    "\uE180": ["mci_disc_fragement_5", "mci_music_disc_fragement_5"],
    "\uE181": ["mci_white_dye", "mci_dye_white"],
    "\uE182": ["mci_light_gray_dye", "mci_dye_light_gray"],
    "\uE183": ["mci_gray_dye", "mci_dye_gray"],
    "\uE184": ["mci_black_dye", "mci_dye_black"],
    "\uE185": ["mci_brown_dye", "mci_dye_brown"],
    "\uE186": ["mci_red_dye", "mci_dye_red"],
    "\uE187": ["mci_orange_dye", "mci_dye_orange"],
    "\uE188": ["mci_yellow_dye", "mci_dye_yellow"],
    "\uE189": ["mci_light_green_dye", "mci_dye_light_green"],
    "\uE18A": ["mci_green_dye", "mci_dye_green"],
    "\uE18B": ["mci_cyan_dye", "mci_dye_cyan"],
    "\uE18C": ["mci_light_blue_dye", "mci_dye_light_blue"],
    "\uE18D": ["mci_blue_dye", "mci_dye_blue"],
    "\uE18E": ["mci_purple_dye", "mci_dye_purple"],
    "\uE18F": ["mci_magenta_dye", "mci_dye_magenta"],
    "\uE190": ["mci_pink_dye", "mci_dye_pink"],
    "\uE191": ["mci_bowl"],
    "\uE192": ["mci_brick"],
    "\uE193": ["mci_nether_brick"],
    "\uE194": ["mci_resin_brick"],
    "\uE195": ["mci_paper"],
    "\uE196": ["mci_book"],
    "\uE197": ["mci_firework_star"],
    "\uE198": ["mci_glass_bottle"],
    "\uE199": ["mci_glowstone_dust"],
    "\uE19A": ["mci_gunpowder"],
    "\uE19B": ["mci_dragon_breath"],
    "\uE19C": ["mci_fermented_spider_eye"],
    "\uE19D": ["mci_blaze_powder"],
    "\uE19E": ["mci_sugar"],
    "\uE19F": ["mci_rabbit_foot"],
    "\uE1A0": ["mci_glistening_melon_slice"],
    "\uE1A1": ["mci_magma_cream"],
    "\uE1A2": ["mci_ghast_tear"],
    "\uE1A3": ["mci_phantom_membrane"],
    "\uE1A4": ["mci_field_masoned_banner_pattern", "mci_banner_pattern_field_masoned"],
    "\uE1A5": ["mci_borduere_indented_banner_pattern", "mci_banner_pattern_borduere_indented"],
    "\uE1A6": ["mci_flower_banner_pattern", "mci_banner_pattern_flower"],
    "\uE1A7": ["mci_creeper_banner_pattern", "mci_banner_pattern_creeper"],
    "\uE1A8": ["mci_skull_banner_pattern", "mci_banner_pattern_skull"],
    "\uE1A9": ["mci_mojang_banner_pattern", "mci_banner_pattern_mojang"],
    "\uE1AA": ["mci_globe_banner_pattern", "mci_banner_pattern_globe"],
    "\uE1AB": ["mci_piglin_banner_pattern", "mci_banner_pattern_piglin"],
    "\uE1AC": ["mci_flow_banner_pattern", "mci_banner_pattern_flow"],
    "\uE1AD": ["mci_guster_banner_pattern", "mci_banner_pattern_guster"],
    "\uE1AE": ["mci_angler_pottery_sherd", "mci_pottery_sherd_angler"],
    "\uE1AF": ["mci_archer_pottery_sherd", "mci_pottery_sherd_archer"],
    "\uE1B0": ["mci_arms_up_pottery_sherd", "mci_pottery_sherd_arms_up"],
    "\uE1B1": ["mci_blade_pottery_sherd", "mci_pottery_sherd_blade"],
    "\uE1B2": ["mci_brewer_pottery_sherd", "mci_pottery_sherd_brewer"],
    "\uE1B3": ["mci_burn_pottery_sherd", "mci_pottery_sherd_burn"],
    "\uE1B4": ["mci_danger_pottery_sherd", "mci_pottery_sherd_danger"],
    "\uE1B5": ["mci_explorer_pottery_sherd", "mci_pottery_sherd_explorer"],
    "\uE1B6": ["mci_flow_pottery_sherd", "mci_pottery_sherd_flow"],
    "\uE1B7": ["mci_friend_pottery_sherd", "mci_pottery_sherd_friend"],
    "\uE1B8": ["mci_guster_pottery_sherd", "mci_pottery_sherd_guster"],
    "\uE1B9": ["mci_heart_pottery_sherd", "mci_pottery_sherd_heart"],
    "\uE1BA": ["mci_heartbreak_pottery_sherd", "mci_pottery_sherd_heartbreak"],
    "\uE1BB": ["mci_howl_pottery_sherd", "mci_pottery_sherd_howl"],
    "\uE1BC": ["mci_minder_pottery_sherd", "mci_pottery_sherd_minder"],
    "\uE1BD": ["mci_mourner_pottery_sherd", "mci_pottery_sherd_mourner"],
    "\uE1BE": ["mci_plenty_pottery_sherd", "mci_pottery_sherd_plenty"],
    "\uE1BF": ["mci_prize_pottery_sherd", "mci_pottery_sherd_prize"],
    "\uE1C0": ["mci_scrape_pottery_sherd", "mci_pottery_sherd_scrape"],
    "\uE1C1": ["mci_sheaf_pottery_sherd", "mci_pottery_sherd_sheaf"],
    "\uE1C2": ["mci_shelter_pottery_sherd", "mci_pottery_sherd_shelter"],
    "\uE1C3": ["mci_skull_pottery_sherd", "mci_pottery_sherd_skull"],
    "\uE1C4": ["mci_snort_pottery_sherd", "mci_pottery_sherd_snort"],
    "\uE1C5": ["mci_netherite_upgrade_smithing_template", "mci_smithing_template_netherite_upgrade"],
    "\uE1C6": ["mci_sentry_armor_trim_smithing_template", "mci_smithing_template_sentry_armor_trim"],
    "\uE1C7": ["mci_vex_armor_trim_smithing_template", "mci_smithing_template_vex_armor_trim"],
    "\uE1C8": ["mci_wild_armor_trim_smithing_template", "mci_smithing_template_wild_armor_trim"],
    "\uE1C9": ["mci_coast_armor_trim_smithing_template", "mci_smithing_template_coast_armor_trim"],
    "\uE1CA": ["mci_dune_armor_trim_smithing_template", "mci_smithing_template_dune_armor_trim"],
    "\uE1CB": ["mci_wayfinder_armor_trim_smithing_template", "mci_smithing_template_wayfinder_armor_trim"],
    "\uE1CC": ["mci_raiser_armor_trim_smithing_template", "mci_smithing_template_raiser_armor_trim"],
    "\uE1CD": ["mci_shaper_armor_trim_smithing_template", "mci_smithing_template_shaper_armor_trim"],
    "\uE1CE": ["mci_host_armor_trim_smithing_template", "mci_smithing_template_host_armor_trim"],
    "\uE1CF": ["mci_ward_armor_trim_smithing_template", "mci_smithing_template_ward_armor_trim"],
    "\uE1D0": ["mci_silence_armor_trim_smithing_template", "mci_smithing_template_silence_armor_trim"],
    "\uE1D1": ["mci_tide_armor_trim_smithing_template", "mci_smithing_template_tide_armor_trim"],
    "\uE1D2": ["mci_snout_armor_trim_smithing_template", "mci_smithing_template_snout_armor_trim"],
    "\uE1D3": ["mci_rib_armor_trim_smithing_template", "mci_smithing_template_rib_armor_trim"],
    "\uE1D4": ["mci_eye_armor_trim_smithing_template", "mci_smithing_template_eye_armor_trim"],
    "\uE1D5": ["mci_spire_armor_trim_smithing_template", "mci_smithing_template_spire_armor_trim"],
    "\uE1D6": ["mci_flow_armor_trim_smithing_template", "mci_smithing_template_flow_armor_trim"],
    "\uE1D7": ["mci_bolt_armor_trim_smithing_template", "mci_smithing_template_bolt_armor_trim"],
    "\uE1D8": ["mci_experince_bottle", "mci_bottle_o_enchanting"],
    "\uE1D9": ["mci_trial_key"],
    "\uE1DA": ["mci_omonous_trial_key"],
    "\uE1DB": ["mci_enchanted_book"],
    "\uE1DC": ["mci_allay_spawn_egg", "mci_spawn_egg_allay"],
    "\uE1DD": ["mci_armadillo_spawn_egg", "mci_spawn_egg_armadillo"],
    "\uE1DE": ["mci_axolotl_spawn_egg", "mci_spawn_egg_axolotl"],
    "\uE1DF": ["mci_bat_spawn_egg", "mci_spawn_egg_bat"],
    "\uE1E0": ["mci_bee_spawn_egg", "mci_spawn_egg_bee"],
    "\uE1E1": ["mci_blaze_spawn_egg", "mci_spawn_egg_blaze"],
    "\uE1E2": ["mci_bogged_spawn_egg", "mci_spawn_egg_bogged"],
    "\uE1E3": ["mci_breeze_spawn_egg", "mci_spawn_egg_breeze"],
    "\uE1E4": ["mci_camel_spawn_egg", "mci_spawn_egg_camel"],
    "\uE1E5": ["mci_cat_spawn_egg", "mci_spawn_egg_cat"],
    "\uE1E6": ["mci_cave_spider_spawn_egg", "mci_spawn_egg_cave_spider"],
    "\uE1E7": ["mci_chicken_spawn_egg", "mci_spawn_egg_chicken"],
    "\uE1E8": ["mci_cod_spawn_egg", "mci_spawn_egg_cod"],
    "\uE1E9": ["mci_cow_spawn_egg", "mci_spawn_egg_cow"],
    "\uE1EA": ["mci_creaking_spawn_egg", "mci_spawn_egg_creaking"],
    "\uE1EB": ["mci_creeper_spawn_egg", "mci_spawn_egg_creeper"],
    "\uE1EC": ["mci_dolphin_spawn_egg", "mci_spawn_egg_dolphin"],
    "\uE1ED": ["mci_donkey_spawn_egg", "mci_spawn_egg_donkey"],
    "\uE1EE": ["mci_drowned_spawn_egg", "mci_spawn_egg_drowned"],
    "\uE1EF": ["mci_elder_guardian_spawn_egg", "mci_spawn_egg_elder_guardian"],
    "\uE1F0": ["mci_ender_dragon_spawn_egg", "mci_spawn_egg_ender_dragon"],
    "\uE1F1": ["mci_enderman_spawn_egg", "mci_spawn_egg_enderman"],
    "\uE1F2": ["mci_endermite_spawn_egg", "mci_spawn_egg_endermite"],
    "\uE1F3": ["mci_evoker_spawn_egg", "mci_spawn_egg_evoker"],
    "\uE1F4": ["mci_fox_spawn_egg", "mci_spawn_egg_fox"],
    "\uE1F5": ["mci_frog_spawn_egg", "mci_spawn_egg_frog"],
    "\uE1F6": ["mci_ghast_spawn_egg", "mci_spawn_egg_ghast"],
    "\uE1F7": ["mci_glow_squid_spawn_egg", "mci_spawn_egg_glow_squid"],
    "\uE1F8": ["mci_goat_spawn_egg", "mci_spawn_egg_goat"],
    "\uE1F9": ["mci_guardian_spawn_egg", "mci_spawn_egg_guardian"],
    "\uE1FA": ["mci_happy_ghast_spawn_egg", "mci_spawn_egg_happy_ghast"],
    "\uE1FB": ["mci_hoglin_spawn_egg", "mci_spawn_egg_hoglin"],
    "\uE1FC": ["mci_horse_spawn_egg", "mci_spawn_egg_horse"],
    "\uE1FD": ["mci_husk_spawn_egg", "mci_spawn_egg_husk"],
    "\uE1FE": ["mci_iron_golem_spawn_egg", "mci_spawn_egg_iron_golem"],
    "\uE1FF": ["mci_llama_spawn_egg", "mci_spawn_egg_llama"],
    "\uE200": ["mci_magma_cube_spawn_egg", "mci_spawn_egg_magma_cube"],
    "\uE201": ["mci_mooshroom_spawn_egg", "mci_spawn_egg_mooshroom"],
    "\uE202": ["mci_mule_spawn_egg", "mci_spawn_egg_mule"],
    "\uE203": ["mci_ocelot_spawn_egg", "mci_spawn_egg_ocelot"],
    "\uE204": ["mci_panda_spawn_egg", "mci_spawn_egg_panda"],
    "\uE205": ["mci_parrot_spawn_egg", "mci_spawn_egg_parrot"],
    "\uE206": ["mci_phantom_spawn_egg", "mci_spawn_egg_phantom"],
    "\uE207": ["mci_pig_spawn_egg", "mci_spawn_egg_pig"],
    "\uE208": ["mci_piglin_spawn_egg", "mci_spawn_egg_piglin"],
    "\uE209": ["mci_piglin_brute_spawn_egg", "mci_spawn_egg_piglin_brute"],
    "\uE20A": ["mci_pillager_spawn_egg", "mci_spawn_egg_pillager"],
    "\uE20B": ["mci_polar_bear_spawn_egg", "mci_spawn_egg_polar_bear"],
    "\uE20C": ["mci_pufferfish_spawn_egg", "mci_spawn_egg_pufferfish"],
    "\uE20D": ["mci_rabbit_spawn_egg", "mci_spawn_egg_rabbit"],
    "\uE20E": ["mci_ravager_spawn_egg", "mci_spawn_egg_ravager"],
    "\uE20F": ["mci_salmon_spawn_egg", "mci_spawn_egg_salmon"],
    "\uE210": ["mci_sheep_spawn_egg", "mci_spawn_egg_sheep"],
    "\uE211": ["mci_shulker_spawn_egg", "mci_spawn_egg_shulker"],
    "\uE212": ["mci_silverfish_spawn_egg", "mci_spawn_egg_silverfish"],
    "\uE213": ["mci_skeleton_spawn_egg", "mci_spawn_egg_skeleton"],
    "\uE214": ["mci_skeleton_horse_spawn_egg", "mci_spawn_egg_skeleton_horse"],
    "\uE215": ["mci_slime_spawn_egg", "mci_spawn_egg_slime"],
    "\uE216": ["mci_sniffer_spawn_egg", "mci_spawn_egg_sniffer"],
    "\uE217": ["mci_snow_golem_spawn_egg", "mci_spawn_egg_snow_golem"],
    "\uE218": ["mci_spider_spawn_egg", "mci_spawn_egg_spider"],
    "\uE219": ["mci_squid_spawn_egg", "mci_spawn_egg_squid"],
    "\uE21A": ["mci_stray_spawn_egg", "mci_spawn_egg_stray"],
    "\uE21B": ["mci_strider_spawn_egg", "mci_spawn_egg_strider"],
    "\uE21C": ["mci_tadpole_spawn_egg", "mci_spawn_egg_tadpole"],
    "\uE21D": ["mci_trader_llama_spawn_egg", "mci_spawn_egg_trader_llama"],
    "\uE21E": ["mci_tropical_fish_spawn_egg", "mci_spawn_egg_tropical_fish"],
    "\uE21F": ["mci_turtle_spawn_egg", "mci_spawn_egg_turtle"],
    "\uE220": ["mci_vex_spawn_egg", "mci_spawn_egg_vex"],
    "\uE221": ["mci_villager_spawn_egg", "mci_spawn_egg_villager"],
    "\uE222": ["mci_vindicator_spawn_egg", "mci_spawn_egg_vindicator"],
    "\uE223": ["mci_wandering_trader_spawn_egg", "mci_spawn_egg_wandering_trader"],
    "\uE224": ["mci_warden_spawn_egg", "mci_spawn_egg_warden"],
    "\uE225": ["mci_witch_spawn_egg", "mci_spawn_egg_witch"],
    "\uE226": ["mci_wither_skeleton_spawn_egg", "mci_spawn_egg_wither_skeleton"],
    "\uE227": ["mci_wither_spawn_egg", "mci_spawn_egg_wither"],
    "\uE228": ["mci_wolf_spawn_egg", "mci_spawn_egg_wolf"],
    "\uE229": ["mci_zoglin_spawn_egg", "mci_spawn_egg_zoglin"],
    "\uE22A": ["mci_zombie_spawn_egg", "mci_spawn_egg_zombie"],
    "\uE22B": ["mci_zombie_horse_spawn_egg", "mci_spawn_egg_zombie_horse"],
    "\uE22C": ["mci_zombie_villager_spawn_egg", "mci_spawn_egg_zombie_villager"],
    "\uE22D": ["mci_zombified_piglin_spawn_egg", "mci_spawn_egg_zombified_piglin"],
    "\uE22E": ["mci_debug_stick"],
    "\u0000": [],
    "\u0000": [],
    "\u0000": [],
    "\u0000": [],
    "\u0000": [],
    "\u0000": [],
    "\u0000": [],
    "\u0000": [],
    "\u0000": [],
    "\u0000": [],
    "\u0000": [],
    "\u0000": [],
    "\u0000": [],
    "\u0000": [],
    "\u0000": [],
    "\u0000": [],
    "\u0000": [],
    "\u0000": [],
    "\u0000": [],
    "\u0000": [],
    "\u0000": [],
    "\u0000": [],
    "\u0000": [],
    "\u0000": [],
    "\u0000": [],
    "\u0000": [],
    "\u0000": [],
    "\u0000": [],
    "\u0000": [],
    "\u0000": [],
    "\u0000": [],
    "\u0000": [],
    "\u0000": [],
    "\u0000": [],
    "\u0000": [],
    "\u0000": [],
    "\u0000": [],
    "\u0000": [],
    "\u0000": [],
    "\u0000": [],
    "\u0000": [],
    "\u0000": [],
    "\u0000": [],
    "\u0000": [],
    "\u0000": [],
    "\u0000": [],
    "\u0000": [],
    "\u0000": [],    
    "\u0000": [],
    "\u0000": [],
    "\u0000": [],
    "\u0000": [],
    "\u0000": [],
    "\u0000": [],
    "\u0000": [],
    "\u0000": [],
    "\u0000": [],
    "\u0000": [],
    "\u0000": [],
    "\u0000": [],
    "\u0000": [],
    "\u0000": [],
    "\u0000": [],
    "\u0000": [],
    "\u0000": [],
    "\u0000": [],
    "\u0000": [],
    "\u0000": [],
    "\u0000": [],
    "\u0000": [],
    "\u0000": [],
    "\u0000": [],
    "\u0000": [],
    "\u0000": [],
    "\u0000": [],
    "\u0000": [],
    "\u0000": [],
    "\u0000": [],
    "\u0000": [],
    "\u0000": [],
    "\u0000": [],
    "\u0000": [],
    "\u0000": [],
    "\u0000": [],
    "\u0000": [],
    "\u0000": [],
    "\u0000": [],
    "\u0000": [],
    "\u0000": [],
    "\u0000": [],
    "\u0000": [],
    "\u0000": [],
    "\u0000": [],
    "\u0000": [],
    "\u0000": [],
    "\u0000": [],
    "\u0000": [],
    "\u0000": [],
    "\u0000": [],
    "\u0000": [],
    "\u0000": [],
    "\u0000": [],
    "\u0000": [],
    "\u0000": [],
    "\u0000": [],
    "\u0000": [],
    "\u0000": [],
    "\u0000": [],
    "\u0000": [],
    "\u0000": [],
    "\u0000": [],
    "\u0000": [],
    "\u0000": [],
    "\u0000": [],
    "\u0000": [],
    "\u0000": [],
    "\u0000": [],
    "\u0000": [],
    "\u0000": [],
    "\u0000": [],
    "\u0000": [],
    "\u0000": [],
    "\u0000": [],
    "\u0000": [],
    "\u0000": [],
    "\u0000": [],
    "\u0000": [],
    "\u0000": [],
    "\u0000": [],
    "\u0000": [],
    "\u0000": [],
    "\u0000": [],
    "\u0000": [],
    "\u0000": [],
    "\u0000": [],
    "\u0000": [],
    "\u0000": [],
    "\u0000": [],
    "\u0000": [],
    "\u0000": [],
    "\u0000": [],
    "\u0000": [],
    "\u0000": [],
    "\u0000": [],
    "\u0000": [],
    "\u0000": [],
    "\u0000": [],
    "\u0000": [],
    "\u0000": [],
    "\u0000": [],
    "\u0000": [],
    "\u0000": [],
    "\u0000": [],
    "\u0000": [],
    "\u0000": [],
    "\u0000": [],
    "\u0000": [],
    "\u0000": [],
    "\u0000": [],
    "\u0000": [],
    "\u0000": [],
    "\u0000": [],
    "\u0000": [],
    "\u0000": [],
    "\u0000": [],
    "\u0000": [],
    "\u0000": [],
    "\u0000": [],
    "\u0000": [],
    "\u0000": [],
    "\u0000": [],
    "\u0000": [],
    "\u0000": [],
    "\u0000": [],
    "\u0000": [],
    "\u0000": [],
    "\u0000": [],
    "\u0000": [],
    "\u0000": [],
    "\u0000": [],
    "\u0000": [],
    "\u0000": [],
    "\u0000": [],
    "\u0000": [],
    "\u0000": [],
    "\u0000": [],
    "\u0000": [],
    "\u0000": [],
    "\u0000": [],
    "\u0000": [],
    "\u0000": [],
    "\u0000": [],
    "\u0000": [],
    "\u0000": [],
    "\u0000": [],
    "\u0000": [],
    "\u0000": [],
    "\u0000": [],
    "\u0000": [],
    "\u0000": [],
    "\u0000": [],
    "\u0000": [],
    "\u0000": [],
    "\u0000": [],
    "\u0000": [],
    "\u0000": [],
    "\u0000": [],
    "\u0000": [],
    "\u0000": [],
    "\u0000": [],
    "\u0000": [],
    "\u0000": [],
    "\u0000": [],
    "\u0000": [],
    "\u0000": [],
    "\u0000": [],
    "\u0000": [],
    "\u0000": [],
    "\u0000": [],
    "\u0000": [],
    "\u0000": [],
    "\u0000": [],
    "\u0000": [],
    "\u0000": [],
    "\u0000": [],
    "\u0000": [],
    "\u0000": [],
    "\u0000": [],
    "\u0000": [],
    "\u0000": [],
    "\u0000": [],
    "\u0000": [],
    "\u0000": [],
    "\u0000": [],
    "\u0000": [],
    "\u0000": [],
    "\u0000": [],
    "\u0000": [],
    "\u0000": [],
    "\u0000": [],
    "\u0000": [],
    "\u0000": [],
    "\u0000": [],
    "\u0000": [],
    "\u0000": [],
    "\u0000": [],
    "\u0000": [],
    "\u0000": [],
    "\u0000": [],
    "\u0000": [],
    "\u0000": [],
    "\u0000": [],
    "\u0000": [],
    "\u0000": [],
    "\u0000": [],
    "\u0000": [],
    "\u0000": [],
    "\u0000": [],
    "\u0000": [],
    "\u0000": [],
    "\u0000": [],
    "\u0000": [],
    "\u0000": [],
    "\u0000": [],
    "\u0000": [],
    "\u0000": [],
    "\u0000": [],
    "\u0000": [],
    "\u0000": [],
    "\u0000": [],
    "\u0000": [],
    "\u0000": [],
    "\u0000": [],
    "\u0000": [],
    "\u0000": [],
    "\u0000": [],
    "\u0000": [],
    "\u0000": [],
    "\u0000": [],
    "\u0000": [],
    "\u0000": [],
    "\u0000": [],
    "\u0000": [],
    "\u0000": [],
    "\u0000": [],
    "\u0000": [],
    "\u0000": [],
    "\u0000": [],
    "\u0000": [],
    "\u0000": [],
    "\u0000": [],
    "\u0000": [],
    "\u0000": [],
    "\u0000": [],
    "\u0000": [],
    "\u0000": [],
    "\u0000": [],
    "\u0000": [],
    "\u0000": [],
    "\u0000": [],
    "\u0000": [],
    "\u0000": [],
    "\u0000": [],
    "\u0000": [],
    "\u0000": [],
    "\u0000": [],
    "\u0000": [],
    "\u0000": [],
    "\u0000": [],
    "\u0000": [],
    "\u0000": [],
    "\u0000": [],
    "\u0000": [],
    "\u0000": [],
    "\u0000": [],
    "\u0000": [],
    "\u0000": [],
    "\u0000": [],
    "\u0000": [],
    "\u0000": [],
    "\u0000": [],
    "\u0000": [],
    "\u0000": [],
    "\u0000": [],
    "\u0000": [],
    "\u0000": [],
    "\u0000": [],
    "\u0000": [],
    "\u0000": [],
    "\u0000": [],
    "\u0000": [],
    "\u0000": [],
    "\u0000": [],
    "\u0000": [],
    "\u0000": [],
    "\u0000": [],
    "\u0000": [],
    "\u0000": [],
    "\u0000": [],
    "\u0000": [],
    "\u0000": [],
    "\u0000": [],
    "\u0000": [],
    "\u0000": [],
    "\u0000": [],
    "\u0000": [],
    "\u0000": [],
    "\u0000": [],
    "\u0000": [],
    "\u0000": [],
    "\u0000": [],
    "\u0000": [],
    "\u0000": [],
    "\u0000": [],
    "\u0000": [],
    "\u0000": [],
    "\u0000": [],
    "\u0000": [],
    "\u0000": [],
    "\u0000": [],
    "\u0000": [],
    "\u0000": [],
    "\u0000": [],
    "\u0000": [],
    "\u0000": [],
    "\u0000": [],
    "\u0000": [],
    "\u0000": [],
    "\u0000": [],
    "\u0000": [],
    "\u0000": [],
    "\u0000": [],
    "\u0000": [],
    "\u0000": [],
    "\u0000": [],
    "\u0000": [],
    "\u0000": [],
    "\u0000": [],
    "\u0000": [],
    "\u0000": [],
    "\u0000": [],
    "\u0000": [],
    "\u0000": [],
    "\u0000": [],
    "\u0000": [],
    "\u0000": [],
    "\u0000": [],
    "\u0000": [],
    "\u0000": [],
    "\u0000": [],
    "\u0000": [],
    "\u0000": [],
    "\u0000": [],
    "\u0000": [],
    "\u0000": [],
    "\u0000": [],
    "\u0000": [],
    "\u0000": [],
    "\u0000": [],
    "\u0000": [],
    "\u0000": [],
    "\u0000": [],
    "\u0000": [],
    "\u0000": [],
    "\u0000": [],
    "\u0000": [],
    "\u0000": [],
    "\u0000": [],
    "\u0000": [],
    "\u0000": [],
    "\u0000": [],
    "\u0000": [],
    "\u0000": [],
    "\u0000": [],
    "\u0000": [],
    "\u0000": [],
    "\u0000": [],
    "\u0000": [],
    "\u0000": [],
    "\u0000": [],
    "\u0000": [],
    "\u0000": [],
    "\u0000": [],
    "\u0000": [],
    "\u0000": [],
    "\u0000": [],
    "\u0000": [],
    "\u0000": [],
    "\u0000": [],
    "\u0000": [],
    "\u0000": [],
    "\u0000": [],
    "\u0000": [],
    "\u0000": [],
    "\u0000": [],
    "\u0000": [],
    "\u0000": [],
    "\u0000": [],
    "\u0000": [],
    "\u0000": [],
    "\u0000": [],
    "\u0000": [],
    "\u0000": [],
    "\u0000": [],
    "\u0000": [],
    "\u0000": [],
    "\u0000": [],
    "\u0000": [],
    "\u0000": [],
    "\u0000": [],
    "\u0000": [],
    "\u0000": [],
    "\u0000": [],
    "\u0000": [],
    "\u0000": [],
    "\u0000": [],
    "\u0000": [],
    "\u0000": [],
    "\u0000": [],
    "\u0000": [],
    "\u0000": [],
    "\u0000": [],
    "\u0000": [],
    "\u0000": []
  }
}