{
  "blacklist": "",
  "emojis": {
    "\uE000": ["moon_young"],
    "\uE001": ["moon_waxing_crescent"],
    "\uE002": ["moon_waxing_quarter"],
    "\uE003": ["moon_waxing_gibbous"],
    "\uE004": ["moon_waning_gibbous"],
    "\uE005": ["moon_waning_quarter"],
    "\uE006": ["moon_waning_crescent"],
    "\uE007": ["moon_old"],

    "\uE008": ["moon_new"],
    "\uE009": ["moon_full"],
    "\uE00A": ["crescent_moon"],
    "\uE00B": ["moon"],
    "\uE00C": ["mercury"],
    "\uE00D": ["venus"],
    "\uE00E": ["earth"],
    "\uE00F": ["mars"],

    "\uE010": ["jupiter"],
    "\uE011": ["saturn"],
    "\uE012": ["uranus"],
    "\uE013": ["neptune"],
    "\uE014": ["pluto"],
    "\uE015": ["sunny", "sun"],
    "\u0000": [],
    "\u0000": [],

    "\uE018": ["sparkles"],
    "\uE019": ["zap", "bolt", "electricity"],
    "\uE01A": ["poof"],
    "\uE01B": ["fire", "fire_red"],
    "\uE01C": ["fire_blue"],
    "\uE01D": ["fire_green"],
    "\uE01E": ["new_leaf"],
    "\uE01F": ["flower"],

    "\uE020": ["brain"],
    "\uE021": ["heart_anatomical"],
    "\uE022": ["mushroom", "funga", "fly_agar", "amanita_muscaria"],
    "\uE023": ["tree","🌳"],
    "\uE024": ["leaf"],
    "\uE025": ["rock","boulder"],
    "\u0000": [],
    "\u0000": []
  }
}
