{
  "blacklist": "",
  "emojis": {
    "\uE000": ["camera", "4k"],
    "\uE001": ["sax", "saxophone"],
    "\uE002": ["chess", "pawn"],
    "\uE003": ["moyai"],
    "\uE004": ["mega", "megaphone"],
    "\uE005": ["loud", "speaker"],
    "\uE006": ["piano", "keyboard"],
    "\uE007": ["cassette", "music_tape", "tape", "sound_tape"],

    "\uE008": ["cd", "disc"],
    "\uE009": ["balloon"],
    "\uE00A": ["magic_wand", "wand", "magic"],
    "\uE00B": ["feather"],
    "\uE00C": ["yarn"],
    "\uE00D": ["diamond"],
    "\uE00E": ["mag_left"],
    "\uE00F": ["mag_right"],

    "\uE010": ["hammer"],
    "\uE011": ["axe"],
    "\uE012": ["hammer_big"],
    "\uE013": ["golden_hammer", "hellper"],
    "\uE014": ["wrench", "tool"],
    "\uE015": ["scissors"],
    "\uE016": ["knife", "stab", "murder"],
    "\uE017": ["baseball_bat", "baseball"],

    "\uE018": ["pencil"],
    "\uE019": ["key"],
    "\uE01A": ["gun", "water_gun"],
    "\uE01B": ["timer", "stopwatch"],
    "\uE01C": ["lantern", "paper_lantern", "izakaya_lantern", "lamp", "lämp"],
    "\uE01D": ["crown"],
    "\uE01E": ["fez"],
    "\uE01F": ["witch_hat"],

    "\uE020": ["koinobori", "flags"],
    "\uE021": ["money", "usd"],
    "\uE022": ["white_ribbon", "cancer_lung", "lung_cancer"],
    "\uE023": ["pink_ribbon", "cancer_breast", "breast_cancer"],
    "\uE024": ["mechanical_leg","robot_leg"],
    "\uE025": ["mechanical_arm", "robot_arm"],
    "\uE026": ["rocket"],
    "\uE027": ["boom", "explosion"],

    "\uE028": ["candle", "wick"],
    "\uE029": ["firecracker", "dynamite"],
    "\uE02A": ["tada", "party_popper"],
    "\uE02B": ["basketball"],
    "\uE02C": ["racecar", "vroom"],
    "\uE02D": ["ambulance"],
    "\uE02E": ["truck", "trailer"],
    "\uE02F": ["grave", "ded"],

    "\uE030": ["palette", "art"],
    "\uE031": ["scroll"],
    "\uE032": ["plate"],
    "\uE033": ["image","photo","frame_photo"],
    "\uE034": ["halo"],
    "\uE035": ["golden_halo"],
    "\uE036": ["briefcase"],
    "\uE037": ["shield"],

    "\uE038": ["lock", "closed_lock"],
    "\uE039": ["unlock", "open_lock"],
    "\uE03A": ["closed_lock_with_key", "lock_with_key"],
    "\uE03B": ["lock_with_ink_pen","closed_lock_with_ink_pen"],
    "\uE03C": ["file_folder","folder"],
    "\uE03D": ["open_file_folder","open_folder"],
    "\uE03E": ["file_folder_paper", "folder_paper"],
    "\uE03F": ["open_file_folder_paper", "open_folder_paper"],

    "\uE040": ["pin"],
    "\uE041": ["location"],
    "\uE042": ["books"],
    "\uE043": ["newspaper"],
    "\uE044": ["paper","page","job_application"],
    "\uE045": ["hourglass"],
    "\uE046": ["alarm_clock"],
    "\u0000": [],

    "\uE048": ["envelope"],
    "\uE049": ["postbox"],
    "\uE04A": ["slot_machine", "slots"],
    "\u0000": [],
    "\u0000": [],
    "\u0000": [],
    "\u0000": [],
    "\u0000": []
  }
}
