{
  "blacklist": "",
  "emojis": {
    "\uE000": ["amongus", "among", "sus", "imposter"],
    "\uE001": ["amongus_dead", "among_dead", "sus_dead", "imposter_dead"],
    "\uE002": ["sonic", "sanic", "gottagofast"],
    "\uE003": ["hollow_knight"],
    "\uE004": ["doom_slayer", "slayer_mark"],
    "\uE005": ["kirby"],
    "\uE006": ["king_deedeedee"],
    "\uE007": ["m_tomato"],

    "\uE008": ["rare_candy"],
    "\uE009": ["lopunny"],
    "\uE00A": ["spiffo"],
    "\uE00B": ["baba", "baba_is_you"],
    "\uE00C": ["hämis", "hamis", "noita"],
    "\uE00D": ["vbucks", "fortnite"],
    "\uE00E": ["v1", "ultrakill"],
    "\uE00F": ["celeste", "strawberry"],

    "\uE010": ["conductor", "merder", "peckneck"],
    "\uE011": ["snatcher", "foooool"],
    "\uE012": ["timepiece"],
    "\uE013": ["hat_kid", "a_hat_in_time"],
    "\uE014": ["hexxy", "hexcasting"],
    "\u0000": [],
    "\u0000": [],
    "\u0000": [],

    "\uE018": ["sandopede1"],
    "\uE019": ["sandopede2"],
    "\uE01A": ["sandopede3"],
    "\uE01B": ["sandopede4"],
    "\uE01C": ["sandopede5"],
    "\uE01D": ["strabby"],
    "\uE01E": ["bunger"],
    "\uE01F": ["bunger_bbq"],

    "\uE020": ["uno_select_color", "uno_card", "uno_wild"],
    "\uE021": ["uno_take_4", "+4", "uno_draw_4"],
    "\uE022": ["uno_take_2", "+2", "uno_draw_2"],
    "\uE023": ["uno_reverse", "no_u"],
    "\uE024": ["uno_skip"],
    "\u0000": [],
    "\u0000": [],
    "\u0000": [],

    "\uE028": ["karma_1", "karma_wrath"],
    "\uE029": ["karma_2", "karma_lust"],
    "\uE02A": ["karma_3", "karma_attachment"],
    "\uE02B": ["karma_4", "karma_gluttony"],
    "\uE02C": ["karma_5", "karma_self_preservation"],
    "\uE02D": ["karma_10", "karma_max"],
    "\uE02E": ["looks_to_the_moon", "lttm"],
    "\u0000": [],

	  "\uE030": ["pou", "dirty_pou"],
	  "\uE031": ["tbh", "autism_creature", "yippe"],
    "\uE032": ["fnaf","freddy","har"],
    "\u0000": [],
    "\u0000": [],
    "\u0000": [],
    "\u0000": [],
    "\u0000": [],

    
    "\uE038": ["mc_portal", "minecraft_portal"],
    "\uE039": ["mc_sun", "minecraft_sun"],
    "\uE03A": ["mc_moon", "minecraft_moon"],
    "\uE03B": ["creeper", "minecraft2"],
    "\u0000": [],
    "\u0000": [],
    "\u0000": [],
    "\u0000": []
  }
}
