{
  "blacklist": "\uE00B\uE019\uE043",
  "emojis": {
    "\uE000": ["tm", "trademark"],
    "\uE001": ["infinity", "symbol_infinity"],
    "\uE002": ["wheelchair", "symbol_wheelchair"],
    "\uE003": ["parking", "symbol_parking"],
    "\uE004": ["info", "information", "symbol_info", "symbol_information"],
    "\uE005": ["warning", "symbol_warning"],
    "\uE006": ["red", "symbol_octagonal"],
    "\uE007": ["cancel", "symbol_cancel"],

    "\uE008": ["volume_0", "volume_mute", "mute"],
    "\uE009": ["volume_1"],
    "\uE00A": ["volume_2"],
    "\uE00B": ["volume_3"],
    "\uE00C": ["brightness_low"],
    "\uE00D": ["brightness_high"],
    "\uE00E": ["cursor_1", "mouse_1"],
    "\uE00F": ["cursor_2", "mouse_2"],

    "\uE010": ["network1", "ping1", "asian_ping"],
    "\uE011": ["network2", "ping2", "eu_ping"],
    "\uE012": ["network3", "ping3", "sa_ping"],
    "\uE013": ["network4", "ping4", "na_ping"],
    "\uE014": ["www", "globe", "internet"],
    "\uE015": ["music1", "note_beamed"],
    "\uE016": ["music2"],
    "\uE017": ["speech_bubble", "texting", "typing"],

    "\uE018": ["checkmark","white_check_mark","heavy_check_mark"],
    "\uE019": ["x", "cross_mark","extremely_loud_incorrect_buzzer"],
    "\uE01A": ["no_entry"],
    "\uE01B": ["circle"],
    "\uE01C": ["underage", "18+", "nsfw"],
    "\uE01D": ["no_smoking", "smoking"],
    "\uE01E": ["paw", "furry"],
    "\uE01F": ["zzz"],

    "\uE020": ["exclamation", "_!"],
    "\uE021": ["question", "_?"],
    "\uE022": ["bangbang", "!!"],
    "\uE023": ["interrobang", "!?"],
    "\uE024": ["hot", "sauna", "hotsprings", "symbol_hot"],
    "\uE025": ["anger"],
    "\uE026": ["100"],
    "\uE027": ["alteration", "alteration_mark", "part_alteration_mark"],

    "\uE028": ["a", "blood_a"],
    "\uE029": ["b", "blood_b"],
    "\uE02A": ["ab", "blood_ab"],
    "\uE02B": ["o", "blood_o"],
    "\uE02C": ["cl", "blood_cl"],
    "\uE02D": ["fleur_de_lis"],
    "\uE02E": ["trident"],
    "\uE02F": ["yin_yang"],

    "\uE030": ["clock12", "0h", "12h", "12am", "12pm"],
    "\uE031": ["clock1", "1h", "13h", "1am", "1pm"],
    "\uE032": ["clock2", "2h", "14h", "2am", "2pm"],
    "\uE033": ["clock3", "3h", "15h", "3am", "3pm"],
    "\uE034": ["clock4", "4h", "16h", "4am", "4pm"],
    "\uE035": ["clock5", "5h", "17h", "5am", "5pm"],
    "\uE036": ["clock6", "6h", "18h", "6am", "6pm"],
    "\uE037": ["clock7", "7h", "19h", "7am", "7pm"],

    "\uE038": ["clock8", "8h", "20h", "8am", "8pm"],
    "\uE039": ["clock9", "9h", "21h", "9am", "9pm"],
    "\uE03A": ["clock10", "10h", "22h", "10am", "10pm"],
    "\uE03B": ["clock11", "11h", "23h", "11am", "11pm"],
    "\uE03C": ["hug", "hugs"],
    "\uE03D": ["speak", "person_speaking", "head_speaking"],
    "\uE03E": ["bust", "bust_in_silhouette"],
    "\uE03F": ["busts", "busts_in_silhouette"],

    "\uE040": ["female","female_sign"],
    "\uE041": ["male","male_sign"],
    "\uE042": ["transgender_sign","transgender_symbol"],
    "\uE043": ["star","gold_star"],
    "\uE044": ["upvote", "lgtm", "figura_upvote"],
    "\uE045": ["downvote", "figura_downvote"],
    "\uE046": ["lucky_7", "gamble"],
    "\u0000": []
  }
}
